"num1","num2","dec1","unit1","dec2","unit2","dec_dist","unit_dist","num_dist","min_dec","max_dec","min_unit","max_unit","min_num","max_num","vig1","vig2","b20u1","b20u2","within_dec","within_vig","comp","comp_b20","greater60","smaller60","num1_greater","num2_greater","condition","orig_item","dist_discrepancy","dec_pair","matched_group","number_set"
21,29,2,1,2,9,0,8,8,2,2,1,9,21,29,6,6,1,9,1,0,0,0,0,1,"0","1","sm60_b10w_b20w","61_69",0,"20s_20s","60s_60s_0","less_gr60"
21,28,2,1,2,8,0,7,7,2,2,1,8,21,28,6,6,1,8,1,0,0,0,0,1,"0","1","sm60_b10w_b20w","61_68",0,"20s_20s","60s_60s_0","less_gr60"
23,29,2,3,2,9,0,6,6,2,2,3,9,23,29,6,6,3,9,1,0,0,0,0,1,"0","1","sm60_b10w_b20w","63_69",0,"20s_20s","60s_60s_0","less_gr60"
21,27,2,1,2,7,0,6,6,2,2,1,7,21,27,6,6,1,7,1,0,0,0,0,1,"0","1","sm60_b10w_b20w","61_67",0,"20s_20s","60s_60s_0","less_gr60"
24,25,2,4,2,5,0,1,1,2,2,4,5,24,25,6,6,4,5,1,0,0,0,0,1,"0","1","sm60_b10w_b20w","64_65",0,"20s_20s","60s_60s_0","less_gr60"
27,28,2,7,2,8,0,1,1,2,2,7,8,27,28,6,6,7,8,1,0,0,0,0,1,"0","1","sm60_b10w_b20w","67_68",0,"20s_20s","60s_60s_0","less_gr60"
23,24,2,3,2,4,0,1,1,2,2,3,4,23,24,6,6,3,4,1,0,0,0,0,1,"0","1","sm60_b10w_b20w","63_64",0,"20s_20s","60s_60s_0","less_gr60"
28,29,2,8,2,9,0,1,1,2,2,8,9,28,29,6,6,8,9,1,0,0,0,0,1,"0","1","sm60_b10w_b20w","68_69",0,"20s_20s","60s_60s_0","less_gr60"
29,21,2,9,2,1,0,8,8,2,2,1,9,21,29,6,6,9,1,1,0,0,0,0,1,"1","0","sm60_b10w_b20w","61_69",0,"20s_20s","60s_60s_1","less_gr60"
28,21,2,8,2,1,0,7,7,2,2,1,8,21,28,6,6,8,1,1,0,0,0,0,1,"1","0","sm60_b10w_b20w","61_68",0,"20s_20s","60s_60s_1","less_gr60"
27,21,2,7,2,1,0,6,6,2,2,1,7,21,27,6,6,7,1,1,0,0,0,0,1,"1","0","sm60_b10w_b20w","61_67",0,"20s_20s","60s_60s_1","less_gr60"
29,23,2,9,2,3,0,6,6,2,2,3,9,23,29,6,6,9,3,1,0,0,0,0,1,"1","0","sm60_b10w_b20w","63_69",0,"20s_20s","60s_60s_1","less_gr60"
29,28,2,9,2,8,0,1,1,2,2,8,9,28,29,6,6,9,8,1,0,0,0,0,1,"1","0","sm60_b10w_b20w","68_69",0,"20s_20s","60s_60s_1","less_gr60"
28,27,2,8,2,7,0,1,1,2,2,7,8,27,28,6,6,8,7,1,0,0,0,0,1,"1","0","sm60_b10w_b20w","67_68",0,"20s_20s","60s_60s_1","less_gr60"
24,23,2,4,2,3,0,1,1,2,2,3,4,23,24,6,6,4,3,1,0,0,0,0,1,"1","0","sm60_b10w_b20w","63_64",0,"20s_20s","60s_60s_1","less_gr60"
25,24,2,5,2,4,0,1,1,2,2,4,5,24,25,6,6,5,4,1,0,0,0,0,1,"1","0","sm60_b10w_b20w","64_65",0,"20s_20s","60s_60s_1","less_gr60"
21,39,2,1,3,9,1,8,18,2,3,1,9,21,39,6,6,1,19,0,1,1,0,0,1,"0","1","sm60_b10c_b20w","61_79",0,"20s_30s","60s_70s_0","less_gr60"
21,38,2,1,3,8,1,7,17,2,3,1,8,21,38,6,6,1,18,0,1,1,0,0,1,"0","1","sm60_b10c_b20w","61_78",0,"20s_30s","60s_70s_0","less_gr60"
24,39,2,4,3,9,1,5,15,2,3,4,9,24,39,6,6,4,19,0,1,1,0,0,1,"0","1","sm60_b10c_b20w","64_79",0,"20s_30s","60s_70s_0","less_gr60"
25,39,2,5,3,9,1,4,14,2,3,5,9,25,39,6,6,5,19,0,1,1,0,0,1,"0","1","sm60_b10c_b20w","65_79",0,"20s_30s","60s_70s_0","less_gr60"
21,34,2,1,3,4,1,3,13,2,3,1,4,21,34,6,6,1,14,0,1,1,0,0,1,"0","1","sm60_b10c_b20w","61_74",0,"20s_30s","60s_70s_0","less_gr60"
25,38,2,5,3,8,1,3,13,2,3,5,8,25,38,6,6,5,18,0,1,1,0,0,1,"0","1","sm60_b10c_b20w","65_78",0,"20s_30s","60s_70s_0","less_gr60"
28,39,2,8,3,9,1,1,11,2,3,8,9,28,39,6,6,8,19,0,1,1,0,0,1,"0","1","sm60_b10c_b20w","68_79",0,"20s_30s","60s_70s_0","less_gr60"
24,35,2,4,3,5,1,1,11,2,3,4,5,24,35,6,6,4,15,0,1,1,0,0,1,"0","1","sm60_b10c_b20w","64_75",0,"20s_30s","60s_70s_0","less_gr60"
29,31,2,9,3,1,1,8,2,2,3,1,9,29,31,6,6,9,11,0,1,0,0,0,1,"0","1","sm60_b10i_b20w","61_79",16,"20s_30s","60s_70s_0","less_gr60"
28,31,2,8,3,1,1,7,3,2,3,1,8,28,31,6,6,8,11,0,1,0,0,0,1,"0","1","sm60_b10i_b20w","61_78",14,"20s_30s","60s_70s_0","less_gr60"
29,34,2,9,3,4,1,5,5,2,3,4,9,29,34,6,6,9,14,0,1,0,0,0,1,"0","1","sm60_b10i_b20w","64_79",10,"20s_30s","60s_70s_0","less_gr60"
29,35,2,9,3,5,1,4,6,2,3,5,9,29,35,6,6,9,15,0,1,0,0,0,1,"0","1","sm60_b10i_b20w","65_79",8,"20s_30s","60s_70s_0","less_gr60"
24,31,2,4,3,1,1,3,7,2,3,1,4,24,31,6,6,4,11,0,1,0,0,0,1,"0","1","sm60_b10i_b20w","61_74",6,"20s_30s","60s_70s_0","less_gr60"
28,35,2,8,3,5,1,3,7,2,3,5,8,28,35,6,6,8,15,0,1,0,0,0,1,"0","1","sm60_b10i_b20w","65_78",6,"20s_30s","60s_70s_0","less_gr60"
29,38,2,9,3,8,1,1,9,2,3,8,9,29,38,6,6,9,18,0,1,0,0,0,1,"0","1","sm60_b10i_b20w","68_79",2,"20s_30s","60s_70s_0","less_gr60"
25,34,2,5,3,4,1,1,9,2,3,4,5,25,34,6,6,5,14,0,1,0,0,0,1,"0","1","sm60_b10i_b20w","64_75",2,"20s_30s","60s_70s_0","less_gr60"
39,21,3,9,2,1,1,8,18,2,3,1,9,21,39,6,6,19,1,0,1,1,0,0,1,"1","0","sm60_b10c_b20w","61_79",0,"20s_30s","60s_70s_1","less_gr60"
38,21,3,8,2,1,1,7,17,2,3,1,8,21,38,6,6,18,1,0,1,1,0,0,1,"1","0","sm60_b10c_b20w","61_78",0,"20s_30s","60s_70s_1","less_gr60"
39,24,3,9,2,4,1,5,15,2,3,4,9,24,39,6,6,19,4,0,1,1,0,0,1,"1","0","sm60_b10c_b20w","64_79",0,"20s_30s","60s_70s_1","less_gr60"
38,24,3,8,2,4,1,4,14,2,3,4,8,24,38,6,6,18,4,0,1,1,0,0,1,"1","0","sm60_b10c_b20w","64_78",0,"20s_30s","60s_70s_1","less_gr60"
35,24,3,5,2,4,1,1,11,2,3,4,5,24,35,6,6,15,4,0,1,1,0,0,1,"1","0","sm60_b10c_b20w","64_75",0,"20s_30s","60s_70s_1","less_gr60"
38,25,3,8,2,5,1,3,13,2,3,5,8,25,38,6,6,18,5,0,1,1,0,0,1,"1","0","sm60_b10c_b20w","65_78",0,"20s_30s","60s_70s_1","less_gr60"
39,28,3,9,2,8,1,1,11,2,3,8,9,28,39,6,6,19,8,0,1,1,0,0,1,"1","0","sm60_b10c_b20w","68_79",0,"20s_30s","60s_70s_1","less_gr60"
34,21,3,4,2,1,1,3,13,2,3,1,4,21,34,6,6,14,1,0,1,1,0,0,1,"1","0","sm60_b10c_b20w","61_74",0,"20s_30s","60s_70s_1","less_gr60"
31,29,3,1,2,9,1,8,2,2,3,1,9,29,31,6,6,11,9,0,1,0,0,0,1,"1","0","sm60_b10i_b20w","61_79",16,"20s_30s","60s_70s_1","less_gr60"
31,28,3,1,2,8,1,7,3,2,3,1,8,28,31,6,6,11,8,0,1,0,0,0,1,"1","0","sm60_b10i_b20w","61_78",14,"20s_30s","60s_70s_1","less_gr60"
34,29,3,4,2,9,1,5,5,2,3,4,9,29,34,6,6,14,9,0,1,0,0,0,1,"1","0","sm60_b10i_b20w","64_79",10,"20s_30s","60s_70s_1","less_gr60"
34,28,3,4,2,8,1,4,6,2,3,4,8,28,34,6,6,14,8,0,1,0,0,0,1,"1","0","sm60_b10i_b20w","64_78",8,"20s_30s","60s_70s_1","less_gr60"
34,25,3,4,2,5,1,1,9,2,3,4,5,25,34,6,6,14,5,0,1,0,0,0,1,"1","0","sm60_b10i_b20w","64_75",2,"20s_30s","60s_70s_1","less_gr60"
35,28,3,5,2,8,1,3,7,2,3,5,8,28,35,6,6,15,8,0,1,0,0,0,1,"1","0","sm60_b10i_b20w","65_78",6,"20s_30s","60s_70s_1","less_gr60"
38,29,3,8,2,9,1,1,9,2,3,8,9,29,38,6,6,18,9,0,1,0,0,0,1,"1","0","sm60_b10i_b20w","68_79",2,"20s_30s","60s_70s_1","less_gr60"
31,24,3,1,2,4,1,3,7,2,3,1,4,24,31,6,6,11,4,0,1,0,0,0,1,"1","0","sm60_b10i_b20w","61_74",6,"20s_30s","60s_70s_1","less_gr60"
21,49,2,1,4,9,2,8,28,2,4,1,9,21,49,6,8,1,9,0,0,1,1,0,1,"0","1","sm60_b10c_b20c","61_89",0,"20s_40s","60s_80s_0","less_gr60"
21,47,2,1,4,7,2,6,26,2,4,1,7,21,47,6,8,1,7,0,0,1,1,0,1,"0","1","sm60_b10c_b20c","61_87",0,"20s_40s","60s_80s_0","less_gr60"
23,49,2,3,4,9,2,6,26,2,4,3,9,23,49,6,8,3,9,0,0,1,1,0,1,"0","1","sm60_b10c_b20c","63_89",0,"20s_40s","60s_80s_0","less_gr60"
23,47,2,3,4,7,2,4,24,2,4,3,7,23,47,6,8,3,7,0,0,1,1,0,1,"0","1","sm60_b10c_b20c","63_87",0,"20s_40s","60s_80s_0","less_gr60"
27,49,2,7,4,9,2,2,22,2,4,7,9,27,49,6,8,7,9,0,0,1,1,0,1,"0","1","sm60_b10c_b20c","67_89",0,"20s_40s","60s_80s_0","less_gr60"
25,47,2,5,4,7,2,2,22,2,4,5,7,25,47,6,8,5,7,0,0,1,1,0,1,"0","1","sm60_b10c_b20c","65_87",0,"20s_40s","60s_80s_0","less_gr60"
21,43,2,1,4,3,2,2,22,2,4,1,3,21,43,6,8,1,3,0,0,1,1,0,1,"0","1","sm60_b10c_b20c","61_83",0,"20s_40s","60s_80s_0","less_gr60"
23,45,2,3,4,5,2,2,22,2,4,3,5,23,45,6,8,3,5,0,0,1,1,0,1,"0","1","sm60_b10c_b20c","63_85",0,"20s_40s","60s_80s_0","less_gr60"
29,41,2,9,4,1,2,8,12,2,4,1,9,29,41,6,8,9,1,0,0,0,0,0,1,"0","1","sm60_b10i_b20i","61_89",16,"20s_40s","60s_80s_0","less_gr60"
27,41,2,7,4,1,2,6,14,2,4,1,7,27,41,6,8,7,1,0,0,0,0,0,1,"0","1","sm60_b10i_b20i","61_87",12,"20s_40s","60s_80s_0","less_gr60"
29,43,2,9,4,3,2,6,14,2,4,3,9,29,43,6,8,9,3,0,0,0,0,0,1,"0","1","sm60_b10i_b20i","63_89",12,"20s_40s","60s_80s_0","less_gr60"
27,43,2,7,4,3,2,4,16,2,4,3,7,27,43,6,8,7,3,0,0,0,0,0,1,"0","1","sm60_b10i_b20i","63_87",8,"20s_40s","60s_80s_0","less_gr60"
29,47,2,9,4,7,2,2,18,2,4,7,9,29,47,6,8,9,7,0,0,0,0,0,1,"0","1","sm60_b10i_b20i","67_89",4,"20s_40s","60s_80s_0","less_gr60"
27,45,2,7,4,5,2,2,18,2,4,5,7,27,45,6,8,7,5,0,0,0,0,0,1,"0","1","sm60_b10i_b20i","65_87",4,"20s_40s","60s_80s_0","less_gr60"
23,41,2,3,4,1,2,2,18,2,4,1,3,23,41,6,8,3,1,0,0,0,0,0,1,"0","1","sm60_b10i_b20i","61_83",4,"20s_40s","60s_80s_0","less_gr60"
25,43,2,5,4,3,2,2,18,2,4,3,5,25,43,6,8,5,3,0,0,0,0,0,1,"0","1","sm60_b10i_b20i","63_85",4,"20s_40s","60s_80s_0","less_gr60"
49,21,4,9,2,1,2,8,28,2,4,1,9,21,49,8,6,9,1,0,0,1,1,0,1,"1","0","sm60_b10c_b20c","61_89",0,"20s_40s","60s_80s_1","less_gr60"
49,23,4,9,2,3,2,6,26,2,4,3,9,23,49,8,6,9,3,0,0,1,1,0,1,"1","0","sm60_b10c_b20c","63_89",0,"20s_40s","60s_80s_1","less_gr60"
47,21,4,7,2,1,2,6,26,2,4,1,7,21,47,8,6,7,1,0,0,1,1,0,1,"1","0","sm60_b10c_b20c","61_87",0,"20s_40s","60s_80s_1","less_gr60"
49,25,4,9,2,5,2,4,24,2,4,5,9,25,49,8,6,9,5,0,0,1,1,0,1,"1","0","sm60_b10c_b20c","65_89",0,"20s_40s","60s_80s_1","less_gr60"
45,23,4,5,2,3,2,2,22,2,4,3,5,23,45,8,6,5,3,0,0,1,1,0,1,"1","0","sm60_b10c_b20c","63_85",0,"20s_40s","60s_80s_1","less_gr60"
49,27,4,9,2,7,2,2,22,2,4,7,9,27,49,8,6,9,7,0,0,1,1,0,1,"1","0","sm60_b10c_b20c","67_89",0,"20s_40s","60s_80s_1","less_gr60"
47,25,4,7,2,5,2,2,22,2,4,5,7,25,47,8,6,7,5,0,0,1,1,0,1,"1","0","sm60_b10c_b20c","65_87",0,"20s_40s","60s_80s_1","less_gr60"
43,21,4,3,2,1,2,2,22,2,4,1,3,21,43,8,6,3,1,0,0,1,1,0,1,"1","0","sm60_b10c_b20c","61_83",0,"20s_40s","60s_80s_1","less_gr60"
41,29,4,1,2,9,2,8,12,2,4,1,9,29,41,8,6,1,9,0,0,0,0,0,1,"1","0","sm60_b10i_b20i","61_89",16,"20s_40s","60s_80s_1","less_gr60"
43,29,4,3,2,9,2,6,14,2,4,3,9,29,43,8,6,3,9,0,0,0,0,0,1,"1","0","sm60_b10i_b20i","63_89",12,"20s_40s","60s_80s_1","less_gr60"
41,27,4,1,2,7,2,6,14,2,4,1,7,27,41,8,6,1,7,0,0,0,0,0,1,"1","0","sm60_b10i_b20i","61_87",12,"20s_40s","60s_80s_1","less_gr60"
45,29,4,5,2,9,2,4,16,2,4,5,9,29,45,8,6,5,9,0,0,0,0,0,1,"1","0","sm60_b10i_b20i","65_89",8,"20s_40s","60s_80s_1","less_gr60"
43,25,4,3,2,5,2,2,18,2,4,3,5,25,43,8,6,3,5,0,0,0,0,0,1,"1","0","sm60_b10i_b20i","63_85",4,"20s_40s","60s_80s_1","less_gr60"
47,29,4,7,2,9,2,2,18,2,4,7,9,29,47,8,6,7,9,0,0,0,0,0,1,"1","0","sm60_b10i_b20i","67_89",4,"20s_40s","60s_80s_1","less_gr60"
45,27,4,5,2,7,2,2,18,2,4,5,7,27,45,8,6,5,7,0,0,0,0,0,1,"1","0","sm60_b10i_b20i","65_87",4,"20s_40s","60s_80s_1","less_gr60"
41,23,4,1,2,3,2,2,18,2,4,1,3,23,41,8,6,1,3,0,0,0,0,0,1,"1","0","sm60_b10i_b20i","61_83",4,"20s_40s","60s_80s_1","less_gr60"
21,58,2,1,5,8,3,7,37,2,5,1,8,21,58,6,8,1,18,0,0,1,1,0,1,"0","1","sm60_b10c_b20c","61_98",0,"20s_50s","60s_90s_0","less_gr60"
21,57,2,1,5,7,3,6,36,2,5,1,7,21,57,6,8,1,17,0,0,1,1,0,1,"0","1","sm60_b10c_b20c","61_97",0,"20s_50s","60s_90s_0","less_gr60"
23,58,2,3,5,8,3,5,35,2,5,3,8,23,58,6,8,3,18,0,0,1,1,0,1,"0","1","sm60_b10c_b20c","63_98",0,"20s_50s","60s_90s_0","less_gr60"
24,58,2,4,5,8,3,4,34,2,5,4,8,24,58,6,8,4,18,0,0,1,1,0,1,"0","1","sm60_b10c_b20c","64_98",0,"20s_50s","60s_90s_0","less_gr60"
21,54,2,1,5,4,3,3,33,2,5,1,4,21,54,6,8,1,14,0,0,1,1,0,1,"0","1","sm60_b10c_b20c","61_94",0,"20s_50s","60s_90s_0","less_gr60"
24,58,2,4,5,8,3,4,34,2,5,4,8,24,58,6,8,4,18,0,0,1,1,0,1,"0","1","sm60_b10c_b20c","64_98",0,"20s_50s","60s_90s_0","less_gr60"
27,58,2,7,5,8,3,1,31,2,5,7,8,27,58,6,8,7,18,0,0,1,1,0,1,"0","1","sm60_b10c_b20c","67_98",0,"20s_50s","60s_90s_0","less_gr60"
23,54,2,3,5,4,3,1,31,2,5,3,4,23,54,6,8,3,14,0,0,1,1,0,1,"0","1","sm60_b10c_b20c","63_94",0,"20s_50s","60s_90s_0","less_gr60"
28,51,2,8,5,1,3,7,23,2,5,1,8,28,51,6,8,8,11,0,0,0,1,0,1,"0","1","sm60_b10i_b20c","61_98",14,"20s_50s","60s_90s_0","less_gr60"
27,51,2,7,5,1,3,6,24,2,5,1,7,27,51,6,8,7,11,0,0,0,1,0,1,"0","1","sm60_b10i_b20c","61_97",12,"20s_50s","60s_90s_0","less_gr60"
28,53,2,8,5,3,3,5,25,2,5,3,8,28,53,6,8,8,13,0,0,0,1,0,1,"0","1","sm60_b10i_b20c","63_98",10,"20s_50s","60s_90s_0","less_gr60"
28,54,2,8,5,4,3,4,26,2,5,4,8,28,54,6,8,8,14,0,0,0,1,0,1,"0","1","sm60_b10i_b20c","64_98",8,"20s_50s","60s_90s_0","less_gr60"
24,51,2,4,5,1,3,3,27,2,5,1,4,24,51,6,8,4,11,0,0,0,1,0,1,"0","1","sm60_b10i_b20c","61_94",6,"20s_50s","60s_90s_0","less_gr60"
28,54,2,8,5,4,3,4,26,2,5,4,8,28,54,6,8,8,14,0,0,0,1,0,1,"0","1","sm60_b10i_b20c","64_98",8,"20s_50s","60s_90s_0","less_gr60"
28,57,2,8,5,7,3,1,29,2,5,7,8,28,57,6,8,8,17,0,0,0,1,0,1,"0","1","sm60_b10i_b20c","67_98",2,"20s_50s","60s_90s_0","less_gr60"
24,53,2,4,5,3,3,1,29,2,5,3,4,24,53,6,8,4,13,0,0,0,1,0,1,"0","1","sm60_b10i_b20c","63_94",2,"20s_50s","60s_90s_0","less_gr60"
58,21,5,8,2,1,3,7,37,2,5,1,8,21,58,8,6,18,1,0,0,1,1,0,1,"1","0","sm60_b10c_b20c","61_98",0,"20s_50s","60s_90s_1","less_gr60"
57,21,5,7,2,1,3,6,36,2,5,1,7,21,57,8,6,17,1,0,0,1,1,0,1,"1","0","sm60_b10c_b20c","61_97",0,"20s_50s","60s_90s_1","less_gr60"
58,23,5,8,2,3,3,5,35,2,5,3,8,23,58,8,6,18,3,0,0,1,1,0,1,"1","0","sm60_b10c_b20c","63_98",0,"20s_50s","60s_90s_1","less_gr60"
58,24,5,8,2,4,3,4,34,2,5,4,8,24,58,8,6,18,4,0,0,1,1,0,1,"1","0","sm60_b10c_b20c","64_98",0,"20s_50s","60s_90s_1","less_gr60"
57,24,5,7,2,4,3,3,33,2,5,4,7,24,57,8,6,17,4,0,0,1,1,0,1,"1","0","sm60_b10c_b20c","64_97",0,"20s_50s","60s_90s_1","less_gr60"
58,24,5,8,2,4,3,4,34,2,5,4,8,24,58,8,6,18,4,0,0,1,1,0,1,"1","0","sm60_b10c_b20c","64_98",0,"20s_50s","60s_90s_1","less_gr60"
58,27,5,8,2,7,3,1,31,2,5,7,8,27,58,8,6,18,7,0,0,1,1,0,1,"1","0","sm60_b10c_b20c","67_98",0,"20s_50s","60s_90s_1","less_gr60"
54,23,5,4,2,3,3,1,31,2,5,3,4,23,54,8,6,14,3,0,0,1,1,0,1,"1","0","sm60_b10c_b20c","63_94",0,"20s_50s","60s_90s_1","less_gr60"
51,28,5,1,2,8,3,7,23,2,5,1,8,28,51,8,6,11,8,0,0,0,1,0,1,"1","0","sm60_b10i_b20c","61_98",14,"20s_50s","60s_90s_1","less_gr60"
51,27,5,1,2,7,3,6,24,2,5,1,7,27,51,8,6,11,7,0,0,0,1,0,1,"1","0","sm60_b10i_b20c","61_97",12,"20s_50s","60s_90s_1","less_gr60"
53,28,5,3,2,8,3,5,25,2,5,3,8,28,53,8,6,13,8,0,0,0,1,0,1,"1","0","sm60_b10i_b20c","63_98",10,"20s_50s","60s_90s_1","less_gr60"
54,28,5,4,2,8,3,4,26,2,5,4,8,28,54,8,6,14,8,0,0,0,1,0,1,"1","0","sm60_b10i_b20c","64_98",8,"20s_50s","60s_90s_1","less_gr60"
54,27,5,4,2,7,3,3,27,2,5,4,7,27,54,8,6,14,7,0,0,0,1,0,1,"1","0","sm60_b10i_b20c","64_97",6,"20s_50s","60s_90s_1","less_gr60"
54,28,5,4,2,8,3,4,26,2,5,4,8,28,54,8,6,14,8,0,0,0,1,0,1,"1","0","sm60_b10i_b20c","64_98",8,"20s_50s","60s_90s_1","less_gr60"
57,28,5,7,2,8,3,1,29,2,5,7,8,28,57,8,6,17,8,0,0,0,1,0,1,"1","0","sm60_b10i_b20c","67_98",2,"20s_50s","60s_90s_1","less_gr60"
53,24,5,3,2,4,3,1,29,2,5,3,4,24,53,8,6,13,4,0,0,0,1,0,1,"1","0","sm60_b10i_b20c","63_94",2,"20s_50s","60s_90s_1","less_gr60"
31,39,3,1,3,9,0,8,8,3,3,1,9,31,39,6,6,11,19,1,0,0,0,0,1,"0","1","sm60_b10w_b20w","71_79",0,"30s_30s","70s_70s_0","less_gr60"
32,39,3,2,3,9,0,7,7,3,3,2,9,32,39,6,6,12,19,1,0,0,0,0,1,"0","1","sm60_b10w_b20w","72_79",0,"30s_30s","70s_70s_0","less_gr60"
31,38,3,1,3,8,0,7,7,3,3,1,8,31,38,6,6,11,18,1,0,0,0,0,1,"0","1","sm60_b10w_b20w","71_78",0,"30s_30s","70s_70s_0","less_gr60"
32,38,3,2,3,8,0,6,6,3,3,2,8,32,38,6,6,12,18,1,0,0,0,0,1,"0","1","sm60_b10w_b20w","72_78",0,"30s_30s","70s_70s_0","less_gr60"
35,36,3,5,3,6,0,1,1,3,3,5,6,35,36,6,6,15,16,1,0,0,0,0,1,"0","1","sm60_b10w_b20w","75_76",0,"30s_30s","70s_70s_0","less_gr60"
31,32,3,1,3,2,0,1,1,3,3,1,2,31,32,6,6,11,12,1,0,0,0,0,1,"0","1","sm60_b10w_b20w","71_72",0,"30s_30s","70s_70s_0","less_gr60"
34,35,3,4,3,5,0,1,1,3,3,4,5,34,35,6,6,14,15,1,0,0,0,0,1,"0","1","sm60_b10w_b20w","74_75",0,"30s_30s","70s_70s_0","less_gr60"
38,39,3,8,3,9,0,1,1,3,3,8,9,38,39,6,6,18,19,1,0,0,0,0,1,"0","1","sm60_b10w_b20w","78_79",0,"30s_30s","70s_70s_0","less_gr60"
39,31,3,9,3,1,0,8,8,3,3,1,9,31,39,6,6,19,11,1,0,0,0,0,1,"1","0","sm60_b10w_b20w","71_79",0,"30s_30s","70s_70s_1","less_gr60"
39,32,3,9,3,2,0,7,7,3,3,2,9,32,39,6,6,19,12,1,0,0,0,0,1,"1","0","sm60_b10w_b20w","72_79",0,"30s_30s","70s_70s_1","less_gr60"
38,31,3,8,3,1,0,7,7,3,3,1,8,31,38,6,6,18,11,1,0,0,0,0,1,"1","0","sm60_b10w_b20w","71_78",0,"30s_30s","70s_70s_1","less_gr60"
38,32,3,8,3,2,0,6,6,3,3,2,8,32,38,6,6,18,12,1,0,0,0,0,1,"1","0","sm60_b10w_b20w","72_78",0,"30s_30s","70s_70s_1","less_gr60"
36,35,3,6,3,5,0,1,1,3,3,5,6,35,36,6,6,16,15,1,0,0,0,0,1,"1","0","sm60_b10w_b20w","75_76",0,"30s_30s","70s_70s_1","less_gr60"
39,38,3,9,3,8,0,1,1,3,3,8,9,38,39,6,6,19,18,1,0,0,0,0,1,"1","0","sm60_b10w_b20w","78_79",0,"30s_30s","70s_70s_1","less_gr60"
35,34,3,5,3,4,0,1,1,3,3,4,5,34,35,6,6,15,14,1,0,0,0,0,1,"1","0","sm60_b10w_b20w","74_75",0,"30s_30s","70s_70s_1","less_gr60"
32,31,3,2,3,1,0,1,1,3,3,1,2,31,32,6,6,12,11,1,0,0,0,0,1,"1","0","sm60_b10w_b20w","71_72",0,"30s_30s","70s_70s_1","less_gr60"
31,49,3,1,4,9,1,8,18,3,4,1,9,31,49,6,8,11,9,0,0,1,0,0,1,"0","1","sm60_b10c_b20i","71_89",0,"30s_40s","70s_80s_0","less_gr60"
32,49,3,2,4,9,1,7,17,3,4,2,9,32,49,6,8,12,9,0,0,1,0,0,1,"0","1","sm60_b10c_b20i","72_89",0,"30s_40s","70s_80s_0","less_gr60"
31,46,3,1,4,6,1,5,15,3,4,1,6,31,46,6,8,11,6,0,0,1,0,0,1,"0","1","sm60_b10c_b20i","71_86",0,"30s_40s","70s_80s_0","less_gr60"
35,49,3,5,4,9,1,4,14,3,4,5,9,35,49,6,8,15,9,0,0,1,0,0,1,"0","1","sm60_b10c_b20i","75_89",0,"30s_40s","70s_80s_0","less_gr60"
32,45,3,2,4,5,1,3,13,3,4,2,5,32,45,6,8,12,5,0,0,1,0,0,1,"0","1","sm60_b10c_b20i","72_85",0,"30s_40s","70s_80s_0","less_gr60"
31,42,3,1,4,2,1,1,11,3,4,1,2,31,42,6,8,11,2,0,0,1,0,0,1,"0","1","sm60_b10c_b20i","71_82",0,"30s_40s","70s_80s_0","less_gr60"
36,49,3,6,4,9,1,3,13,3,4,6,9,36,49,6,8,16,9,0,0,1,0,0,1,"0","1","sm60_b10c_b20i","76_89",0,"30s_40s","70s_80s_0","less_gr60"
35,46,3,5,4,6,1,1,11,3,4,5,6,35,46,6,8,15,6,0,0,1,0,0,1,"0","1","sm60_b10c_b20i","75_86",0,"30s_40s","70s_80s_0","less_gr60"
39,41,3,9,4,1,1,8,2,3,4,1,9,39,41,6,8,19,1,0,0,0,0,0,1,"0","1","sm60_b10i_b20i","71_89",16,"30s_40s","70s_80s_0","less_gr60"
39,42,3,9,4,2,1,7,3,3,4,2,9,39,42,6,8,19,2,0,0,0,0,0,1,"0","1","sm60_b10i_b20i","72_89",14,"30s_40s","70s_80s_0","less_gr60"
36,41,3,6,4,1,1,5,5,3,4,1,6,36,41,6,8,16,1,0,0,0,0,0,1,"0","1","sm60_b10i_b20i","71_86",10,"30s_40s","70s_80s_0","less_gr60"
39,45,3,9,4,5,1,4,6,3,4,5,9,39,45,6,8,19,5,0,0,0,0,0,1,"0","1","sm60_b10i_b20i","75_89",8,"30s_40s","70s_80s_0","less_gr60"
35,42,3,5,4,2,1,3,7,3,4,2,5,35,42,6,8,15,2,0,0,0,0,0,1,"0","1","sm60_b10i_b20i","72_85",6,"30s_40s","70s_80s_0","less_gr60"
32,41,3,2,4,1,1,1,9,3,4,1,2,32,41,6,8,12,1,0,0,0,0,0,1,"0","1","sm60_b10i_b20i","71_82",2,"30s_40s","70s_80s_0","less_gr60"
39,46,3,9,4,6,1,3,7,3,4,6,9,39,46,6,8,19,6,0,0,0,0,0,1,"0","1","sm60_b10i_b20i","76_89",6,"30s_40s","70s_80s_0","less_gr60"
36,45,3,6,4,5,1,1,9,3,4,5,6,36,45,6,8,16,5,0,0,0,0,0,1,"0","1","sm60_b10i_b20i","75_86",2,"30s_40s","70s_80s_0","less_gr60"
49,31,4,9,3,1,1,8,18,3,4,1,9,31,49,8,6,9,11,0,0,1,0,0,1,"1","0","sm60_b10c_b20i","71_89",0,"30s_40s","70s_80s_1","less_gr60"
49,32,4,9,3,2,1,7,17,3,4,2,9,32,49,8,6,9,12,0,0,1,0,0,1,"1","0","sm60_b10c_b20i","72_89",0,"30s_40s","70s_80s_1","less_gr60"
46,31,4,6,3,1,1,5,15,3,4,1,6,31,46,8,6,6,11,0,0,1,0,0,1,"1","0","sm60_b10c_b20i","71_86",0,"30s_40s","70s_80s_1","less_gr60"
49,35,4,9,3,5,1,4,14,3,4,5,9,35,49,8,6,9,15,0,0,1,0,0,1,"1","0","sm60_b10c_b20i","75_89",0,"30s_40s","70s_80s_1","less_gr60"
42,31,4,2,3,1,1,1,11,3,4,1,2,31,42,8,6,2,11,0,0,1,0,0,1,"1","0","sm60_b10c_b20i","71_82",0,"30s_40s","70s_80s_1","less_gr60"
49,36,4,9,3,6,1,3,13,3,4,6,9,36,49,8,6,9,16,0,0,1,0,0,1,"1","0","sm60_b10c_b20i","76_89",0,"30s_40s","70s_80s_1","less_gr60"
45,32,4,5,3,2,1,3,13,3,4,2,5,32,45,8,6,5,12,0,0,1,0,0,1,"1","0","sm60_b10c_b20i","72_85",0,"30s_40s","70s_80s_1","less_gr60"
46,35,4,6,3,5,1,1,11,3,4,5,6,35,46,8,6,6,15,0,0,1,0,0,1,"1","0","sm60_b10c_b20i","75_86",0,"30s_40s","70s_80s_1","less_gr60"
41,39,4,1,3,9,1,8,2,3,4,1,9,39,41,8,6,1,19,0,0,0,0,0,1,"1","0","sm60_b10i_b20i","71_89",16,"30s_40s","70s_80s_1","less_gr60"
42,39,4,2,3,9,1,7,3,3,4,2,9,39,42,8,6,2,19,0,0,0,0,0,1,"1","0","sm60_b10i_b20i","72_89",14,"30s_40s","70s_80s_1","less_gr60"
41,36,4,1,3,6,1,5,5,3,4,1,6,36,41,8,6,1,16,0,0,0,0,0,1,"1","0","sm60_b10i_b20i","71_86",10,"30s_40s","70s_80s_1","less_gr60"
45,39,4,5,3,9,1,4,6,3,4,5,9,39,45,8,6,5,19,0,0,0,0,0,1,"1","0","sm60_b10i_b20i","75_89",8,"30s_40s","70s_80s_1","less_gr60"
41,32,4,1,3,2,1,1,9,3,4,1,2,32,41,8,6,1,12,0,0,0,0,0,1,"1","0","sm60_b10i_b20i","71_82",2,"30s_40s","70s_80s_1","less_gr60"
46,39,4,6,3,9,1,3,7,3,4,6,9,39,46,8,6,6,19,0,0,0,0,0,1,"1","0","sm60_b10i_b20i","76_89",6,"30s_40s","70s_80s_1","less_gr60"
42,35,4,2,3,5,1,3,7,3,4,2,5,35,42,8,6,2,15,0,0,0,0,0,1,"1","0","sm60_b10i_b20i","72_85",6,"30s_40s","70s_80s_1","less_gr60"
45,36,4,5,3,6,1,1,9,3,4,5,6,36,45,8,6,5,16,0,0,0,0,0,1,"1","0","sm60_b10i_b20i","75_86",2,"30s_40s","70s_80s_1","less_gr60"
31,58,3,1,5,8,2,7,27,3,5,1,8,31,58,6,8,11,18,0,0,1,1,0,1,"0","1","sm60_b10c_b20c","71_98",0,"30s_50s","70s_90s_0","less_gr60"
32,58,3,2,5,8,2,6,26,3,5,2,8,32,58,6,8,12,18,0,0,1,1,0,1,"0","1","sm60_b10c_b20c","72_98",0,"30s_50s","70s_90s_0","less_gr60"
31,56,3,1,5,6,2,5,25,3,5,1,6,31,56,6,8,11,16,0,0,1,1,0,1,"0","1","sm60_b10c_b20c","71_96",0,"30s_50s","70s_90s_0","less_gr60"
34,58,3,4,5,8,2,4,24,3,5,4,8,34,58,6,8,14,18,0,0,1,1,0,1,"0","1","sm60_b10c_b20c","74_98",0,"30s_50s","70s_90s_0","less_gr60"
34,56,3,4,5,6,2,2,22,3,5,4,6,34,56,6,8,14,16,0,0,1,1,0,1,"0","1","sm60_b10c_b20c","74_96",0,"30s_50s","70s_90s_0","less_gr60"
36,58,3,6,5,8,2,2,22,3,5,6,8,36,58,6,8,16,18,0,0,1,1,0,1,"0","1","sm60_b10c_b20c","76_98",0,"30s_50s","70s_90s_0","less_gr60"
32,54,3,2,5,4,2,2,22,3,5,2,4,32,54,6,8,12,14,0,0,1,1,0,1,"0","1","sm60_b10c_b20c","72_94",0,"30s_50s","70s_90s_0","less_gr60"
31,54,3,1,5,4,2,3,23,3,5,1,4,31,54,6,8,11,14,0,0,1,1,0,1,"0","1","sm60_b10c_b20c","71_94",0,"30s_50s","70s_90s_0","less_gr60"
38,51,3,8,5,1,2,7,13,3,5,1,8,38,51,6,8,18,11,0,0,0,0,0,1,"0","1","sm60_b10i_b20i","71_98",14,"30s_50s","70s_90s_0","less_gr60"
38,52,3,8,5,2,2,6,14,3,5,2,8,38,52,6,8,18,12,0,0,0,0,0,1,"0","1","sm60_b10i_b20i","72_98",12,"30s_50s","70s_90s_0","less_gr60"
36,51,3,6,5,1,2,5,15,3,5,1,6,36,51,6,8,16,11,0,0,0,0,0,1,"0","1","sm60_b10i_b20i","71_96",10,"30s_50s","70s_90s_0","less_gr60"
38,54,3,8,5,4,2,4,16,3,5,4,8,38,54,6,8,18,14,0,0,0,0,0,1,"0","1","sm60_b10i_b20i","74_98",8,"30s_50s","70s_90s_0","less_gr60"
36,54,3,6,5,4,2,2,18,3,5,4,6,36,54,6,8,16,14,0,0,0,0,0,1,"0","1","sm60_b10i_b20i","74_96",4,"30s_50s","70s_90s_0","less_gr60"
38,56,3,8,5,6,2,2,18,3,5,6,8,38,56,6,8,18,16,0,0,0,0,0,1,"0","1","sm60_b10i_b20i","76_98",4,"30s_50s","70s_90s_0","less_gr60"
34,52,3,4,5,2,2,2,18,3,5,2,4,34,52,6,8,14,12,0,0,0,0,0,1,"0","1","sm60_b10i_b20i","72_94",4,"30s_50s","70s_90s_0","less_gr60"
34,51,3,4,5,1,2,3,17,3,5,1,4,34,51,6,8,14,11,0,0,0,0,0,1,"0","1","sm60_b10i_b20i","71_94",6,"30s_50s","70s_90s_0","less_gr60"
58,31,5,8,3,1,2,7,27,3,5,1,8,31,58,8,6,18,11,0,0,1,1,0,1,"1","0","sm60_b10c_b20c","71_98",0,"30s_50s","70s_90s_1","less_gr60"
58,32,5,8,3,2,2,6,26,3,5,2,8,32,58,8,6,18,12,0,0,1,1,0,1,"1","0","sm60_b10c_b20c","72_98",0,"30s_50s","70s_90s_1","less_gr60"
56,31,5,6,3,1,2,5,25,3,5,1,6,31,56,8,6,16,11,0,0,1,1,0,1,"1","0","sm60_b10c_b20c","71_96",0,"30s_50s","70s_90s_1","less_gr60"
56,32,5,6,3,2,2,4,24,3,5,2,6,32,56,8,6,16,12,0,0,1,1,0,1,"1","0","sm60_b10c_b20c","72_96",0,"30s_50s","70s_90s_1","less_gr60"
56,32,5,6,3,2,2,4,24,3,5,2,6,32,56,8,6,16,12,0,0,1,1,0,1,"1","0","sm60_b10c_b20c","72_96",0,"30s_50s","70s_90s_1","less_gr60"
54,32,5,4,3,2,2,2,22,3,5,2,4,32,54,8,6,14,12,0,0,1,1,0,1,"1","0","sm60_b10c_b20c","72_94",0,"30s_50s","70s_90s_1","less_gr60"
52,31,5,2,3,1,2,1,21,3,5,1,2,31,52,8,6,12,11,0,0,1,1,0,1,"1","0","sm60_b10c_b20c","71_92",0,"30s_50s","70s_90s_1","less_gr60"
58,36,5,8,3,6,2,2,22,3,5,6,8,36,58,8,6,18,16,0,0,1,1,0,1,"1","0","sm60_b10c_b20c","76_98",0,"30s_50s","70s_90s_1","less_gr60"
51,38,5,1,3,8,2,7,13,3,5,1,8,38,51,8,6,11,18,0,0,0,0,0,1,"1","0","sm60_b10i_b20i","71_98",14,"30s_50s","70s_90s_1","less_gr60"
52,38,5,2,3,8,2,6,14,3,5,2,8,38,52,8,6,12,18,0,0,0,0,0,1,"1","0","sm60_b10i_b20i","72_98",12,"30s_50s","70s_90s_1","less_gr60"
51,36,5,1,3,6,2,5,15,3,5,1,6,36,51,8,6,11,16,0,0,0,0,0,1,"1","0","sm60_b10i_b20i","71_96",10,"30s_50s","70s_90s_1","less_gr60"
52,36,5,2,3,6,2,4,16,3,5,2,6,36,52,8,6,12,16,0,0,0,0,0,1,"1","0","sm60_b10i_b20i","72_96",8,"30s_50s","70s_90s_1","less_gr60"
52,36,5,2,3,6,2,4,16,3,5,2,6,36,52,8,6,12,16,0,0,0,0,0,1,"1","0","sm60_b10i_b20i","72_96",8,"30s_50s","70s_90s_1","less_gr60"
52,34,5,2,3,4,2,2,18,3,5,2,4,34,52,8,6,12,14,0,0,0,0,0,1,"1","0","sm60_b10i_b20i","72_94",4,"30s_50s","70s_90s_1","less_gr60"
51,32,5,1,3,2,2,1,19,3,5,1,2,32,51,8,6,11,12,0,0,0,0,0,1,"1","0","sm60_b10i_b20i","71_92",2,"30s_50s","70s_90s_1","less_gr60"
56,38,5,6,3,8,2,2,18,3,5,6,8,38,56,8,6,16,18,0,0,0,0,0,1,"1","0","sm60_b10i_b20i","76_98",4,"30s_50s","70s_90s_1","less_gr60"
41,49,4,1,4,9,0,8,8,4,4,1,9,41,49,8,8,1,9,1,0,0,0,0,1,"0","1","sm60_b10w_b20w","81_89",0,"40s_40s","80s_80s_0","less_gr60"
42,49,4,2,4,9,0,7,7,4,4,2,9,42,49,8,8,2,9,1,0,0,0,0,1,"0","1","sm60_b10w_b20w","82_89",0,"40s_40s","80s_80s_0","less_gr60"
41,47,4,1,4,7,0,6,6,4,4,1,7,41,47,8,8,1,7,1,0,0,0,0,1,"0","1","sm60_b10w_b20w","81_87",0,"40s_40s","80s_80s_0","less_gr60"
43,49,4,3,4,9,0,6,6,4,4,3,9,43,49,8,8,3,9,1,0,0,0,0,1,"0","1","sm60_b10w_b20w","83_89",0,"40s_40s","80s_80s_0","less_gr60"
46,47,4,6,4,7,0,1,1,4,4,6,7,46,47,8,8,6,7,1,0,0,0,0,1,"0","1","sm60_b10w_b20w","86_87",0,"40s_40s","80s_80s_0","less_gr60"
42,43,4,2,4,3,0,1,1,4,4,2,3,42,43,8,8,2,3,1,0,0,0,0,1,"0","1","sm60_b10w_b20w","82_83",0,"40s_40s","80s_80s_0","less_gr60"
41,42,4,1,4,2,0,1,1,4,4,1,2,41,42,8,8,1,2,1,0,0,0,0,1,"0","1","sm60_b10w_b20w","81_82",0,"40s_40s","80s_80s_0","less_gr60"
45,46,4,5,4,6,0,1,1,4,4,5,6,45,46,8,8,5,6,1,0,0,0,0,1,"0","1","sm60_b10w_b20w","85_86",0,"40s_40s","80s_80s_0","less_gr60"
49,41,4,9,4,1,0,8,8,4,4,1,9,41,49,8,8,9,1,1,0,0,0,0,1,"1","0","sm60_b10w_b20w","81_89",0,"40s_40s","80s_80s_1","less_gr60"
49,42,4,9,4,2,0,7,7,4,4,2,9,42,49,8,8,9,2,1,0,0,0,0,1,"1","0","sm60_b10w_b20w","82_89",0,"40s_40s","80s_80s_1","less_gr60"
47,41,4,7,4,1,0,6,6,4,4,1,7,41,47,8,8,7,1,1,0,0,0,0,1,"1","0","sm60_b10w_b20w","81_87",0,"40s_40s","80s_80s_1","less_gr60"
49,43,4,9,4,3,0,6,6,4,4,3,9,43,49,8,8,9,3,1,0,0,0,0,1,"1","0","sm60_b10w_b20w","83_89",0,"40s_40s","80s_80s_1","less_gr60"
47,46,4,7,4,6,0,1,1,4,4,6,7,46,47,8,8,7,6,1,0,0,0,0,1,"1","0","sm60_b10w_b20w","86_87",0,"40s_40s","80s_80s_1","less_gr60"
43,42,4,3,4,2,0,1,1,4,4,2,3,42,43,8,8,3,2,1,0,0,0,0,1,"1","0","sm60_b10w_b20w","82_83",0,"40s_40s","80s_80s_1","less_gr60"
46,45,4,6,4,5,0,1,1,4,4,5,6,45,46,8,8,6,5,1,0,0,0,0,1,"1","0","sm60_b10w_b20w","85_86",0,"40s_40s","80s_80s_1","less_gr60"
42,41,4,2,4,1,0,1,1,4,4,1,2,41,42,8,8,2,1,1,0,0,0,0,1,"1","0","sm60_b10w_b20w","81_82",0,"40s_40s","80s_80s_1","less_gr60"
41,57,4,1,5,7,1,6,16,4,5,1,7,41,57,8,8,1,17,0,1,1,0,0,1,"0","1","sm60_b10c_b20w","81_97",0,"40s_50s","80s_90s_0","less_gr60"
42,57,4,2,5,7,1,5,15,4,5,2,7,42,57,8,8,2,17,0,1,1,0,0,1,"0","1","sm60_b10c_b20w","82_97",0,"40s_50s","80s_90s_0","less_gr60"
41,56,4,1,5,6,1,5,15,4,5,1,6,41,56,8,8,1,16,0,1,1,0,0,1,"0","1","sm60_b10c_b20w","81_96",0,"40s_50s","80s_90s_0","less_gr60"
43,57,4,3,5,7,1,4,14,4,5,3,7,43,57,8,8,3,17,0,1,1,0,0,1,"0","1","sm60_b10c_b20w","83_97",0,"40s_50s","80s_90s_0","less_gr60"
43,57,4,3,5,7,1,4,14,4,5,3,7,43,57,8,8,3,17,0,1,1,0,0,1,"0","1","sm60_b10c_b20w","83_97",0,"40s_50s","80s_90s_0","less_gr60"
42,56,4,2,5,6,1,4,14,4,5,2,6,42,56,8,8,2,16,0,1,1,0,0,1,"0","1","sm60_b10c_b20w","82_96",0,"40s_50s","80s_90s_0","less_gr60"
41,53,4,1,5,3,1,2,12,4,5,1,3,41,53,8,8,1,13,0,1,1,0,0,1,"0","1","sm60_b10c_b20w","81_93",0,"40s_50s","80s_90s_0","less_gr60"
46,57,4,6,5,7,1,1,11,4,5,6,7,46,57,8,8,6,17,0,1,1,0,0,1,"0","1","sm60_b10c_b20w","86_97",0,"40s_50s","80s_90s_0","less_gr60"
47,51,4,7,5,1,1,6,4,4,5,1,7,47,51,8,8,7,11,0,1,0,0,0,1,"0","1","sm60_b10i_b20w","81_97",12,"40s_50s","80s_90s_0","less_gr60"
47,52,4,7,5,2,1,5,5,4,5,2,7,47,52,8,8,7,12,0,1,0,0,0,1,"0","1","sm60_b10i_b20w","82_97",10,"40s_50s","80s_90s_0","less_gr60"
46,51,4,6,5,1,1,5,5,4,5,1,6,46,51,8,8,6,11,0,1,0,0,0,1,"0","1","sm60_b10i_b20w","81_96",10,"40s_50s","80s_90s_0","less_gr60"
47,53,4,7,5,3,1,4,6,4,5,3,7,47,53,8,8,7,13,0,1,0,0,0,1,"0","1","sm60_b10i_b20w","83_97",8,"40s_50s","80s_90s_0","less_gr60"
47,53,4,7,5,3,1,4,6,4,5,3,7,47,53,8,8,7,13,0,1,0,0,0,1,"0","1","sm60_b10i_b20w","83_97",8,"40s_50s","80s_90s_0","less_gr60"
46,52,4,6,5,2,1,4,6,4,5,2,6,46,52,8,8,6,12,0,1,0,0,0,1,"0","1","sm60_b10i_b20w","82_96",8,"40s_50s","80s_90s_0","less_gr60"
43,51,4,3,5,1,1,2,8,4,5,1,3,43,51,8,8,3,11,0,1,0,0,0,1,"0","1","sm60_b10i_b20w","81_93",4,"40s_50s","80s_90s_0","less_gr60"
47,56,4,7,5,6,1,1,9,4,5,6,7,47,56,8,8,7,16,0,1,0,0,0,1,"0","1","sm60_b10i_b20w","86_97",2,"40s_50s","80s_90s_0","less_gr60"
57,41,5,7,4,1,1,6,16,4,5,1,7,41,57,8,8,17,1,0,1,1,0,0,1,"1","0","sm60_b10c_b20w","81_97",0,"40s_50s","80s_90s_1","less_gr60"
57,42,5,7,4,2,1,5,15,4,5,2,7,42,57,8,8,17,2,0,1,1,0,0,1,"1","0","sm60_b10c_b20w","82_97",0,"40s_50s","80s_90s_1","less_gr60"
56,41,5,6,4,1,1,5,15,4,5,1,6,41,56,8,8,16,1,0,1,1,0,0,1,"1","0","sm60_b10c_b20w","81_96",0,"40s_50s","80s_90s_1","less_gr60"
56,42,5,6,4,2,1,4,14,4,5,2,6,42,56,8,8,16,2,0,1,1,0,0,1,"1","0","sm60_b10c_b20w","82_96",0,"40s_50s","80s_90s_1","less_gr60"
57,43,5,7,4,3,1,4,14,4,5,3,7,43,57,8,8,17,3,0,1,1,0,0,1,"1","0","sm60_b10c_b20w","83_97",0,"40s_50s","80s_90s_1","less_gr60"
53,42,5,3,4,2,1,1,11,4,5,2,3,42,53,8,8,13,2,0,1,1,0,0,1,"1","0","sm60_b10c_b20w","82_93",0,"40s_50s","80s_90s_1","less_gr60"
53,41,5,3,4,1,1,2,12,4,5,1,3,41,53,8,8,13,1,0,1,1,0,0,1,"1","0","sm60_b10c_b20w","81_93",0,"40s_50s","80s_90s_1","less_gr60"
56,42,5,6,4,2,1,4,14,4,5,2,6,42,56,8,8,16,2,0,1,1,0,0,1,"1","0","sm60_b10c_b20w","82_96",0,"40s_50s","80s_90s_1","less_gr60"
51,47,5,1,4,7,1,6,4,4,5,1,7,47,51,8,8,11,7,0,1,0,0,0,1,"1","0","sm60_b10i_b20w","81_97",12,"40s_50s","80s_90s_1","less_gr60"
52,47,5,2,4,7,1,5,5,4,5,2,7,47,52,8,8,12,7,0,1,0,0,0,1,"1","0","sm60_b10i_b20w","82_97",10,"40s_50s","80s_90s_1","less_gr60"
51,46,5,1,4,6,1,5,5,4,5,1,6,46,51,8,8,11,6,0,1,0,0,0,1,"1","0","sm60_b10i_b20w","81_96",10,"40s_50s","80s_90s_1","less_gr60"
52,46,5,2,4,6,1,4,6,4,5,2,6,46,52,8,8,12,6,0,1,0,0,0,1,"1","0","sm60_b10i_b20w","82_96",8,"40s_50s","80s_90s_1","less_gr60"
53,47,5,3,4,7,1,4,6,4,5,3,7,47,53,8,8,13,7,0,1,0,0,0,1,"1","0","sm60_b10i_b20w","83_97",8,"40s_50s","80s_90s_1","less_gr60"
52,43,5,2,4,3,1,1,9,4,5,2,3,43,52,8,8,12,3,0,1,0,0,0,1,"1","0","sm60_b10i_b20w","82_93",2,"40s_50s","80s_90s_1","less_gr60"
51,43,5,1,4,3,1,2,8,4,5,1,3,43,51,8,8,11,3,0,1,0,0,0,1,"1","0","sm60_b10i_b20w","81_93",4,"40s_50s","80s_90s_1","less_gr60"
52,46,5,2,4,6,1,4,6,4,5,2,6,46,52,8,8,12,6,0,1,0,0,0,1,"1","0","sm60_b10i_b20w","82_96",8,"40s_50s","80s_90s_1","less_gr60"
51,58,5,1,5,8,0,7,7,5,5,1,8,51,58,8,8,11,18,1,0,0,0,0,1,"0","1","sm60_b10w_b20w","91_98",0,"50s_50s","90s_90s_0","less_gr60"
51,57,5,1,5,7,0,6,6,5,5,1,7,51,57,8,8,11,17,1,0,0,0,0,1,"0","1","sm60_b10w_b20w","91_97",0,"50s_50s","90s_90s_0","less_gr60"
52,58,5,2,5,8,0,6,6,5,5,2,8,52,58,8,8,12,18,1,0,0,0,0,1,"0","1","sm60_b10w_b20w","92_98",0,"50s_50s","90s_90s_0","less_gr60"
52,57,5,2,5,7,0,5,5,5,5,2,7,52,57,8,8,12,17,1,0,0,0,0,1,"0","1","sm60_b10w_b20w","92_97",0,"50s_50s","90s_90s_0","less_gr60"
52,53,5,2,5,3,0,1,1,5,5,2,3,52,53,8,8,12,13,1,0,0,0,0,1,"0","1","sm60_b10w_b20w","92_93",0,"50s_50s","90s_90s_0","less_gr60"
57,58,5,7,5,8,0,1,1,5,5,7,8,57,58,8,8,17,18,1,0,0,0,0,1,"0","1","sm60_b10w_b20w","97_98",0,"50s_50s","90s_90s_0","less_gr60"
56,57,5,6,5,7,0,1,1,5,5,6,7,56,57,8,8,16,17,1,0,0,0,0,1,"0","1","sm60_b10w_b20w","96_97",0,"50s_50s","90s_90s_0","less_gr60"
53,57,5,3,5,7,0,4,4,5,5,3,7,53,57,8,8,13,17,1,0,0,0,0,1,"0","1","sm60_b10w_b20w","93_97",0,"50s_50s","90s_90s_0","less_gr60"
58,51,5,8,5,1,0,7,7,5,5,1,8,51,58,8,8,18,11,1,0,0,0,0,1,"1","0","sm60_b10w_b20w","91_98",0,"50s_50s","90s_90s_1","less_gr60"
58,52,5,8,5,2,0,6,6,5,5,2,8,52,58,8,8,18,12,1,0,0,0,0,1,"1","0","sm60_b10w_b20w","92_98",0,"50s_50s","90s_90s_1","less_gr60"
57,51,5,7,5,1,0,6,6,5,5,1,7,51,57,8,8,17,11,1,0,0,0,0,1,"1","0","sm60_b10w_b20w","91_97",0,"50s_50s","90s_90s_1","less_gr60"
56,51,5,6,5,1,0,5,5,5,5,1,6,51,56,8,8,16,11,1,0,0,0,0,1,"1","0","sm60_b10w_b20w","91_96",0,"50s_50s","90s_90s_1","less_gr60"
57,54,5,7,5,4,0,3,3,5,5,4,7,54,57,8,8,17,14,1,0,0,0,0,1,"1","0","sm60_b10w_b20w","94_97",0,"50s_50s","90s_90s_1","less_gr60"
53,52,5,3,5,2,0,1,1,5,5,2,3,52,53,8,8,13,12,1,0,0,0,0,1,"1","0","sm60_b10w_b20w","92_93",0,"50s_50s","90s_90s_1","less_gr60"
52,51,5,2,5,1,0,1,1,5,5,1,2,51,52,8,8,12,11,1,0,0,0,0,1,"1","0","sm60_b10w_b20w","91_92",0,"50s_50s","90s_90s_1","less_gr60"
58,56,5,8,5,6,0,2,2,5,5,6,8,56,58,8,8,18,16,1,0,0,0,0,1,"1","0","sm60_b10w_b20w","96_98",0,"50s_50s","90s_90s_1","less_gr60"
65,69,6,5,6,9,0,4,4,6,6,5,9,65,69,6,6,5,9,1,0,0,0,1,0,"0","1","gr60_b10w_b20w","65_69",0,"60s_60s","60s_60s_0","less_gr60"
63,68,6,3,6,8,0,5,5,6,6,3,8,63,68,6,6,3,8,1,0,0,0,1,0,"0","1","gr60_b10w_b20w","63_68",0,"60s_60s","60s_60s_0","less_gr60"
65,68,6,5,6,8,0,3,3,6,6,5,8,65,68,6,6,5,8,1,0,0,0,1,0,"0","1","gr60_b10w_b20w","65_68",0,"60s_60s","60s_60s_0","less_gr60"
63,67,6,3,6,7,0,4,4,6,6,3,7,63,67,6,6,3,7,1,0,0,0,1,0,"0","1","gr60_b10w_b20w","63_67",0,"60s_60s","60s_60s_0","less_gr60"
67,61,6,7,6,1,0,6,6,6,6,1,7,61,67,6,6,7,1,1,0,0,0,1,0,"1","0","gr60_b10w_b20w","61_67",0,"60s_60s","60s_60s_1","less_gr60"
69,64,6,9,6,4,0,5,5,6,6,4,9,64,69,6,6,9,4,1,0,0,0,1,0,"1","0","gr60_b10w_b20w","64_69",0,"60s_60s","60s_60s_1","less_gr60"
67,64,6,7,6,4,0,3,3,6,6,4,7,64,67,6,6,7,4,1,0,0,0,1,0,"1","0","gr60_b10w_b20w","64_67",0,"60s_60s","60s_60s_1","less_gr60"
65,63,6,5,6,3,0,2,2,6,6,3,5,63,65,6,6,5,3,1,0,0,0,1,0,"1","0","gr60_b10w_b20w","63_65",0,"60s_60s","60s_60s_1","less_gr60"
64,75,6,4,7,5,1,1,11,6,7,4,5,64,75,6,6,4,15,0,1,1,0,1,0,"0","1","gr60_b10c_b20w","64_75",0,"60s_70s","60s_70s_0","less_gr60"
64,79,6,4,7,9,1,5,15,6,7,4,9,64,79,6,6,4,19,0,1,1,0,1,0,"0","1","gr60_b10c_b20w","64_79",0,"60s_70s","60s_70s_0","less_gr60"
65,78,6,5,7,8,1,3,13,6,7,5,8,65,78,6,6,5,18,0,1,1,0,1,0,"0","1","gr60_b10c_b20w","65_78",0,"60s_70s","60s_70s_0","less_gr60"
61,78,6,1,7,8,1,7,17,6,7,1,8,61,78,6,6,1,18,0,1,1,0,1,0,"0","1","gr60_b10c_b20w","61_78",0,"60s_70s","60s_70s_0","less_gr60"
65,74,6,5,7,4,1,1,9,6,7,4,5,65,74,6,6,5,14,0,1,0,0,1,0,"0","1","gr60_b10i_b20w","64_75",2,"60s_70s","60s_70s_0","less_gr60"
69,74,6,9,7,4,1,5,5,6,7,4,9,69,74,6,6,9,14,0,1,0,0,1,0,"0","1","gr60_b10i_b20w","64_79",10,"60s_70s","60s_70s_0","less_gr60"
68,75,6,8,7,5,1,3,7,6,7,5,8,68,75,6,6,8,15,0,1,0,0,1,0,"0","1","gr60_b10i_b20w","65_78",6,"60s_70s","60s_70s_0","less_gr60"
68,71,6,8,7,1,1,7,3,6,7,1,8,68,71,6,6,8,11,0,1,0,0,1,0,"0","1","gr60_b10i_b20w","61_78",14,"60s_70s","60s_70s_0","less_gr60"
78,61,7,8,6,1,1,7,17,6,7,1,8,61,78,6,6,18,1,0,1,1,0,1,0,"1","0","gr60_b10c_b20w","61_78",0,"60s_70s","60s_70s_1","less_gr60"
79,64,7,9,6,4,1,5,15,6,7,4,9,64,79,6,6,19,4,0,1,1,0,1,0,"1","0","gr60_b10c_b20w","64_79",0,"60s_70s","60s_70s_1","less_gr60"
79,68,7,9,6,8,1,1,11,6,7,8,9,68,79,6,6,19,8,0,1,1,0,1,0,"1","0","gr60_b10c_b20w","68_79",0,"60s_70s","60s_70s_1","less_gr60"
74,61,7,4,6,1,1,3,13,6,7,1,4,61,74,6,6,14,1,0,1,1,0,1,0,"1","0","gr60_b10c_b20w","61_74",0,"60s_70s","60s_70s_1","less_gr60"
71,68,7,1,6,8,1,7,3,6,7,1,8,68,71,6,6,11,8,0,1,0,0,1,0,"1","0","gr60_b10i_b20w","61_78",14,"60s_70s","60s_70s_1","less_gr60"
74,69,7,4,6,9,1,5,5,6,7,4,9,69,74,6,6,14,9,0,1,0,0,1,0,"1","0","gr60_b10i_b20w","64_79",10,"60s_70s","60s_70s_1","less_gr60"
78,69,7,8,6,9,1,1,9,6,7,8,9,69,78,6,6,18,9,0,1,0,0,1,0,"1","0","gr60_b10i_b20w","68_79",2,"60s_70s","60s_70s_1","less_gr60"
71,64,7,1,6,4,1,3,7,6,7,1,4,64,71,6,6,11,4,0,1,0,0,1,0,"1","0","gr60_b10i_b20w","61_74",6,"60s_70s","60s_70s_1","less_gr60"
65,87,6,5,8,7,2,2,22,6,8,5,7,65,87,6,8,5,7,0,0,1,1,1,0,"0","1","gr60_b10c_b20c","65_87",0,"60s_80s","60s_80s_0","less_gr60"
65,89,6,5,8,9,2,4,24,6,8,5,9,65,89,6,8,5,9,0,0,1,1,1,0,"0","1","gr60_b10c_b20c","65_89",0,"60s_80s","60s_80s_0","less_gr60"
61,89,6,1,8,9,2,8,28,6,8,1,9,61,89,6,8,1,9,0,0,1,1,1,0,"0","1","gr60_b10c_b20c","61_89",0,"60s_80s","60s_80s_0","less_gr60"
63,85,6,3,8,5,2,2,22,6,8,3,5,63,85,6,8,3,5,0,0,1,1,1,0,"0","1","gr60_b10c_b20c","63_85",0,"60s_80s","60s_80s_0","less_gr60"
67,85,6,7,8,5,2,2,18,6,8,5,7,67,85,6,8,7,5,0,0,0,0,1,0,"0","1","gr60_b10i_b20i","65_87",4,"60s_80s","60s_80s_0","less_gr60"
69,85,6,9,8,5,2,4,16,6,8,5,9,69,85,6,8,9,5,0,0,0,0,1,0,"0","1","gr60_b10i_b20i","65_89",8,"60s_80s","60s_80s_0","less_gr60"
69,81,6,9,8,1,2,8,12,6,8,1,9,69,81,6,8,9,1,0,0,0,0,1,0,"0","1","gr60_b10i_b20i","61_89",16,"60s_80s","60s_80s_0","less_gr60"
65,83,6,5,8,3,2,2,18,6,8,3,5,65,83,6,8,5,3,0,0,0,0,1,0,"0","1","gr60_b10i_b20i","63_85",4,"60s_80s","60s_80s_0","less_gr60"
89,65,8,9,6,5,2,4,24,6,8,5,9,65,89,8,6,9,5,0,0,1,1,1,0,"1","0","gr60_b10c_b20c","65_89",0,"60s_80s","60s_80s_1","less_gr60"
87,63,8,7,6,3,2,4,24,6,8,3,7,63,87,8,6,7,3,0,0,1,1,1,0,"1","0","gr60_b10c_b20c","63_87",0,"60s_80s","60s_80s_1","less_gr60"
89,67,8,9,6,7,2,2,22,6,8,7,9,67,89,8,6,9,7,0,0,1,1,1,0,"1","0","gr60_b10c_b20c","67_89",0,"60s_80s","60s_80s_1","less_gr60"
87,61,8,7,6,1,2,6,26,6,8,1,7,61,87,8,6,7,1,0,0,1,1,1,0,"1","0","gr60_b10c_b20c","61_87",0,"60s_80s","60s_80s_1","less_gr60"
85,69,8,5,6,9,2,4,16,6,8,5,9,69,85,8,6,5,9,0,0,0,0,1,0,"1","0","gr60_b10i_b20i","65_89",8,"60s_80s","60s_80s_1","less_gr60"
83,67,8,3,6,7,2,4,16,6,8,3,7,67,83,8,6,3,7,0,0,0,0,1,0,"1","0","gr60_b10i_b20i","63_87",8,"60s_80s","60s_80s_1","less_gr60"
87,69,8,7,6,9,2,2,18,6,8,7,9,69,87,8,6,7,9,0,0,0,0,1,0,"1","0","gr60_b10i_b20i","67_89",4,"60s_80s","60s_80s_1","less_gr60"
81,67,8,1,6,7,2,6,14,6,8,1,7,67,81,8,6,1,7,0,0,0,0,1,0,"1","0","gr60_b10i_b20i","61_87",12,"60s_80s","60s_80s_1","less_gr60"
61,97,6,1,9,7,3,6,36,6,9,1,7,61,97,6,8,1,17,0,0,1,1,1,0,"0","1","gr60_b10c_b20c","61_97",0,"60s_90s","60s_90s_0","less_gr60"
63,98,6,3,9,8,3,5,35,6,9,3,8,63,98,6,8,3,18,0,0,1,1,1,0,"0","1","gr60_b10c_b20c","63_98",0,"60s_90s","60s_90s_0","less_gr60"
61,93,6,1,9,3,3,2,32,6,9,1,3,61,93,6,8,1,13,0,0,1,1,1,0,"0","1","gr60_b10c_b20c","61_93",0,"60s_90s","60s_90s_0","less_gr60"
64,97,6,4,9,7,3,3,33,6,9,4,7,64,97,6,8,4,17,0,0,1,1,1,0,"0","1","gr60_b10c_b20c","64_97",0,"60s_90s","60s_90s_0","less_gr60"
67,91,6,7,9,1,3,6,24,6,9,1,7,67,91,6,8,7,11,0,0,0,1,1,0,"0","1","gr60_b10i_b20c","61_97",12,"60s_90s","60s_90s_0","less_gr60"
68,93,6,8,9,3,3,5,25,6,9,3,8,68,93,6,8,8,13,0,0,0,1,1,0,"0","1","gr60_b10i_b20c","63_98",10,"60s_90s","60s_90s_0","less_gr60"
63,91,6,3,9,1,3,2,28,6,9,1,3,63,91,6,8,3,11,0,0,0,1,1,0,"0","1","gr60_b10i_b20c","61_93",4,"60s_90s","60s_90s_0","less_gr60"
67,94,6,7,9,4,3,3,27,6,9,4,7,67,94,6,8,7,14,0,0,0,1,1,0,"0","1","gr60_b10i_b20c","64_97",6,"60s_90s","60s_90s_0","less_gr60"
98,67,9,8,6,7,3,1,31,6,9,7,8,67,98,8,6,18,7,0,0,1,1,1,0,"1","0","gr60_b10c_b20c","67_98",0,"60s_90s","60s_90s_1","less_gr60"
97,61,9,7,6,1,3,6,36,6,9,1,7,61,97,8,6,17,1,0,0,1,1,1,0,"1","0","gr60_b10c_b20c","61_97",0,"60s_90s","60s_90s_1","less_gr60"
97,63,9,7,6,3,3,4,34,6,9,3,7,63,97,8,6,17,3,0,0,1,1,1,0,"1","0","gr60_b10c_b20c","63_97",0,"60s_90s","60s_90s_1","less_gr60"
98,63,9,8,6,3,3,5,35,6,9,3,8,63,98,8,6,18,3,0,0,1,1,1,0,"1","0","gr60_b10c_b20c","63_98",0,"60s_90s","60s_90s_1","less_gr60"
97,68,9,7,6,8,3,1,29,6,9,7,8,68,97,8,6,17,8,0,0,0,1,1,0,"1","0","gr60_b10i_b20c","67_98",2,"60s_90s","60s_90s_1","less_gr60"
91,67,9,1,6,7,3,6,24,6,9,1,7,67,91,8,6,11,7,0,0,0,1,1,0,"1","0","gr60_b10i_b20c","61_97",12,"60s_90s","60s_90s_1","less_gr60"
93,67,9,3,6,7,3,4,26,6,9,3,7,67,93,8,6,13,7,0,0,0,1,1,0,"1","0","gr60_b10i_b20c","63_97",8,"60s_90s","60s_90s_1","less_gr60"
93,68,9,3,6,8,3,5,25,6,9,3,8,68,93,8,6,13,8,0,0,0,1,1,0,"1","0","gr60_b10i_b20c","63_98",10,"60s_90s","60s_90s_1","less_gr60"
71,72,7,1,7,2,0,1,1,7,7,1,2,71,72,6,6,11,12,1,0,0,0,1,0,"0","1","gr60_b10w_b20w","71_72",0,"70s_70s","70s_70s_0","less_gr60"
74,79,7,4,7,9,0,5,5,7,7,4,9,74,79,6,6,14,19,1,0,0,0,1,0,"0","1","gr60_b10w_b20w","74_79",0,"70s_70s","70s_70s_0","less_gr60"
76,78,7,6,7,8,0,2,2,7,7,6,8,76,78,6,6,16,18,1,0,0,0,1,0,"0","1","gr60_b10w_b20w","76_78",0,"70s_70s","70s_70s_0","less_gr60"
71,79,7,1,7,9,0,8,8,7,7,1,9,71,79,6,6,11,19,1,0,0,0,1,0,"0","1","gr60_b10w_b20w","71_79",0,"70s_70s","70s_70s_0","less_gr60"
76,72,7,6,7,2,0,4,4,7,7,2,6,72,76,6,6,16,12,1,0,0,0,1,0,"1","0","gr60_b10w_b20w","72_76",0,"70s_70s","70s_70s_1","less_gr60"
75,71,7,5,7,1,0,4,4,7,7,1,5,71,75,6,6,15,11,1,0,0,0,1,0,"1","0","gr60_b10w_b20w","71_75",0,"70s_70s","70s_70s_1","less_gr60"
78,76,7,8,7,6,0,2,2,7,7,6,8,76,78,6,6,18,16,1,0,0,0,1,0,"1","0","gr60_b10w_b20w","76_78",0,"70s_70s","70s_70s_1","less_gr60"
78,72,7,8,7,2,0,6,6,7,7,2,8,72,78,6,6,18,12,1,0,0,0,1,0,"1","0","gr60_b10w_b20w","72_78",0,"70s_70s","70s_70s_1","less_gr60"
71,82,7,1,8,2,1,1,11,7,8,1,2,71,82,6,8,11,2,0,0,1,0,1,0,"0","1","gr60_b10c_b20i","71_82",0,"70s_80s","70s_80s_0","less_gr60"
71,85,7,1,8,5,1,4,14,7,8,1,5,71,85,6,8,11,5,0,0,1,0,1,0,"0","1","gr60_b10c_b20i","71_85",0,"70s_80s","70s_80s_0","less_gr60"
76,89,7,6,8,9,1,3,13,7,8,6,9,76,89,6,8,16,9,0,0,1,0,1,0,"0","1","gr60_b10c_b20i","76_89",0,"70s_80s","70s_80s_0","less_gr60"
71,89,7,1,8,9,1,8,18,7,8,1,9,71,89,6,8,11,9,0,0,1,0,1,0,"0","1","gr60_b10c_b20i","71_89",0,"70s_80s","70s_80s_0","less_gr60"
72,81,7,2,8,1,1,1,9,7,8,1,2,72,81,6,8,12,1,0,0,0,0,1,0,"0","1","gr60_b10i_b20i","71_82",2,"70s_80s","70s_80s_0","less_gr60"
75,81,7,5,8,1,1,4,6,7,8,1,5,75,81,6,8,15,1,0,0,0,0,1,0,"0","1","gr60_b10i_b20i","71_85",8,"70s_80s","70s_80s_0","less_gr60"
79,86,7,9,8,6,1,3,7,7,8,6,9,79,86,6,8,19,6,0,0,0,0,1,0,"0","1","gr60_b10i_b20i","76_89",6,"70s_80s","70s_80s_0","less_gr60"
79,81,7,9,8,1,1,8,2,7,8,1,9,79,81,6,8,19,1,0,0,0,0,1,0,"0","1","gr60_b10i_b20i","71_89",16,"70s_80s","70s_80s_0","less_gr60"
86,72,8,6,7,2,1,4,14,7,8,2,6,72,86,8,6,6,12,0,0,1,0,1,0,"1","0","gr60_b10c_b20i","72_86",0,"70s_80s","70s_80s_1","less_gr60"
89,75,8,9,7,5,1,4,14,7,8,5,9,75,89,8,6,9,15,0,0,1,0,1,0,"1","0","gr60_b10c_b20i","75_89",0,"70s_80s","70s_80s_1","less_gr60"
86,75,8,6,7,5,1,1,11,7,8,5,6,75,86,8,6,6,15,0,0,1,0,1,0,"1","0","gr60_b10c_b20i","75_86",0,"70s_80s","70s_80s_1","less_gr60"
89,72,8,9,7,2,1,7,17,7,8,2,9,72,89,8,6,9,12,0,0,1,0,1,0,"1","0","gr60_b10c_b20i","72_89",0,"70s_80s","70s_80s_1","less_gr60"
82,76,8,2,7,6,1,4,6,7,8,2,6,76,82,8,6,2,16,0,0,0,0,1,0,"1","0","gr60_b10i_b20i","72_86",8,"70s_80s","70s_80s_1","less_gr60"
85,79,8,5,7,9,1,4,6,7,8,5,9,79,85,8,6,5,19,0,0,0,0,1,0,"1","0","gr60_b10i_b20i","75_89",8,"70s_80s","70s_80s_1","less_gr60"
85,76,8,5,7,6,1,1,9,7,8,5,6,76,85,8,6,5,16,0,0,0,0,1,0,"1","0","gr60_b10i_b20i","75_86",2,"70s_80s","70s_80s_1","less_gr60"
82,79,8,2,7,9,1,7,3,7,8,2,9,79,82,8,6,2,19,0,0,0,0,1,0,"1","0","gr60_b10i_b20i","72_89",14,"70s_80s","70s_80s_1","less_gr60"
71,92,7,1,9,2,2,1,21,7,9,1,2,71,92,6,8,11,12,0,0,1,1,1,0,"0","1","gr60_b10c_b20c","71_92",0,"70s_90s","70s_90s_0","less_gr60"
71,98,7,1,9,8,2,7,27,7,9,1,8,71,98,6,8,11,18,0,0,1,1,1,0,"0","1","gr60_b10c_b20c","71_98",0,"70s_90s","70s_90s_0","less_gr60"
71,94,7,1,9,4,2,3,23,7,9,1,4,71,94,6,8,11,14,0,0,1,1,1,0,"0","1","gr60_b10c_b20c","71_94",0,"70s_90s","70s_90s_0","less_gr60"
71,96,7,1,9,6,2,5,25,7,9,1,6,71,96,6,8,11,16,0,0,1,1,1,0,"0","1","gr60_b10c_b20c","71_96",0,"70s_90s","70s_90s_0","less_gr60"
72,91,7,2,9,1,2,1,19,7,9,1,2,72,91,6,8,12,11,0,0,0,0,1,0,"0","1","gr60_b10i_b20i","71_92",2,"70s_90s","70s_90s_0","less_gr60"
78,91,7,8,9,1,2,7,13,7,9,1,8,78,91,6,8,18,11,0,0,0,0,1,0,"0","1","gr60_b10i_b20i","71_98",14,"70s_90s","70s_90s_0","less_gr60"
74,91,7,4,9,1,2,3,17,7,9,1,4,74,91,6,8,14,11,0,0,0,0,1,0,"0","1","gr60_b10i_b20i","71_94",6,"70s_90s","70s_90s_0","less_gr60"
76,91,7,6,9,1,2,5,15,7,9,1,6,76,91,6,8,16,11,0,0,0,0,1,0,"0","1","gr60_b10i_b20i","71_96",10,"70s_90s","70s_90s_0","less_gr60"
96,71,9,6,7,1,2,5,25,7,9,1,6,71,96,8,6,16,11,0,0,1,1,1,0,"1","0","gr60_b10c_b20c","71_96",0,"70s_90s","70s_90s_1","less_gr60"
98,71,9,8,7,1,2,7,27,7,9,1,8,71,98,8,6,18,11,0,0,1,1,1,0,"1","0","gr60_b10c_b20c","71_98",0,"70s_90s","70s_90s_1","less_gr60"
96,74,9,6,7,4,2,2,22,7,9,4,6,74,96,8,6,16,14,0,0,1,1,1,0,"1","0","gr60_b10c_b20c","74_96",0,"70s_90s","70s_90s_1","less_gr60"
94,72,9,4,7,2,2,2,22,7,9,2,4,72,94,8,6,14,12,0,0,1,1,1,0,"1","0","gr60_b10c_b20c","72_94",0,"70s_90s","70s_90s_1","less_gr60"
91,76,9,1,7,6,2,5,15,7,9,1,6,76,91,8,6,11,16,0,0,0,0,1,0,"1","0","gr60_b10i_b20i","71_96",10,"70s_90s","70s_90s_1","less_gr60"
91,78,9,1,7,8,2,7,13,7,9,1,8,78,91,8,6,11,18,0,0,0,0,1,0,"1","0","gr60_b10i_b20i","71_98",14,"70s_90s","70s_90s_1","less_gr60"
94,76,9,4,7,6,2,2,18,7,9,4,6,76,94,8,6,14,16,0,0,0,0,1,0,"1","0","gr60_b10i_b20i","74_96",4,"70s_90s","70s_90s_1","less_gr60"
92,74,9,2,7,4,2,2,18,7,9,2,4,74,92,8,6,12,14,0,0,0,0,1,0,"1","0","gr60_b10i_b20i","72_94",4,"70s_90s","70s_90s_1","less_gr60"
85,89,8,5,8,9,0,4,4,8,8,5,9,85,89,8,8,5,9,1,0,0,0,1,0,"0","1","gr60_b10w_b20w","85_89",0,"80s_80s","80s_80s_0","less_gr60"
87,89,8,7,8,9,0,2,2,8,8,7,9,87,89,8,8,7,9,1,0,0,0,1,0,"0","1","gr60_b10w_b20w","87_89",0,"80s_80s","80s_80s_0","less_gr60"
83,89,8,3,8,9,0,6,6,8,8,3,9,83,89,8,8,3,9,1,0,0,0,1,0,"0","1","gr60_b10w_b20w","83_89",0,"80s_80s","80s_80s_0","less_gr60"
81,85,8,1,8,5,0,4,4,8,8,1,5,81,85,8,8,1,5,1,0,0,0,1,0,"0","1","gr60_b10w_b20w","81_85",0,"80s_80s","80s_80s_0","less_gr60"
85,81,8,5,8,1,0,4,4,8,8,1,5,81,85,8,8,5,1,1,0,0,0,1,0,"1","0","gr60_b10w_b20w","81_85",0,"80s_80s","80s_80s_1","less_gr60"
89,81,8,9,8,1,0,8,8,8,8,1,9,81,89,8,8,9,1,1,0,0,0,1,0,"1","0","gr60_b10w_b20w","81_89",0,"80s_80s","80s_80s_1","less_gr60"
89,86,8,9,8,6,0,3,3,8,8,6,9,86,89,8,8,9,6,1,0,0,0,1,0,"1","0","gr60_b10w_b20w","86_89",0,"80s_80s","80s_80s_1","less_gr60"
86,85,8,6,8,5,0,1,1,8,8,5,6,85,86,8,8,6,5,1,0,0,0,1,0,"1","0","gr60_b10w_b20w","85_86",0,"80s_80s","80s_80s_1","less_gr60"
81,93,8,1,9,3,1,2,12,8,9,1,3,81,93,8,8,1,13,0,1,1,0,1,0,"0","1","gr60_b10c_b20w","81_93",0,"80s_90s","80s_90s_0","less_gr60"
81,96,8,1,9,6,1,5,15,8,9,1,6,81,96,8,8,1,16,0,1,1,0,1,0,"0","1","gr60_b10c_b20w","81_96",0,"80s_90s","80s_90s_0","less_gr60"
82,97,8,2,9,7,1,5,15,8,9,2,7,82,97,8,8,2,17,0,1,1,0,1,0,"0","1","gr60_b10c_b20w","82_97",0,"80s_90s","80s_90s_0","less_gr60"
83,97,8,3,9,7,1,4,14,8,9,3,7,83,97,8,8,3,17,0,1,1,0,1,0,"0","1","gr60_b10c_b20w","83_97",0,"80s_90s","80s_90s_0","less_gr60"
83,91,8,3,9,1,1,2,8,8,9,1,3,83,91,8,8,3,11,0,1,0,0,1,0,"0","1","gr60_b10i_b20w","81_93",4,"80s_90s","80s_90s_0","less_gr60"
86,91,8,6,9,1,1,5,5,8,9,1,6,86,91,8,8,6,11,0,1,0,0,1,0,"0","1","gr60_b10i_b20w","81_96",10,"80s_90s","80s_90s_0","less_gr60"
87,92,8,7,9,2,1,5,5,8,9,2,7,87,92,8,8,7,12,0,1,0,0,1,0,"0","1","gr60_b10i_b20w","82_97",10,"80s_90s","80s_90s_0","less_gr60"
87,93,8,7,9,3,1,4,6,8,9,3,7,87,93,8,8,7,13,0,1,0,0,1,0,"0","1","gr60_b10i_b20w","83_97",8,"80s_90s","80s_90s_0","less_gr60"
97,81,9,7,8,1,1,6,16,8,9,1,7,81,97,8,8,17,1,0,1,1,0,1,0,"1","0","gr60_b10c_b20w","81_97",0,"80s_90s","80s_90s_1","less_gr60"
96,81,9,6,8,1,1,5,15,8,9,1,6,81,96,8,8,16,1,0,1,1,0,1,0,"1","0","gr60_b10c_b20w","81_96",0,"80s_90s","80s_90s_1","less_gr60"
93,81,9,3,8,1,1,2,12,8,9,1,3,81,93,8,8,13,1,0,1,1,0,1,0,"1","0","gr60_b10c_b20w","81_93",0,"80s_90s","80s_90s_1","less_gr60"
96,83,9,6,8,3,1,3,13,8,9,3,6,83,96,8,8,16,3,0,1,1,0,1,0,"1","0","gr60_b10c_b20w","83_96",0,"80s_90s","80s_90s_1","less_gr60"
91,87,9,1,8,7,1,6,4,8,9,1,7,87,91,8,8,11,7,0,1,0,0,1,0,"1","0","gr60_b10i_b20w","81_97",12,"80s_90s","80s_90s_1","less_gr60"
91,86,9,1,8,6,1,5,5,8,9,1,6,86,91,8,8,11,6,0,1,0,0,1,0,"1","0","gr60_b10i_b20w","81_96",10,"80s_90s","80s_90s_1","less_gr60"
91,83,9,1,8,3,1,2,8,8,9,1,3,83,91,8,8,11,3,0,1,0,0,1,0,"1","0","gr60_b10i_b20w","81_93",4,"80s_90s","80s_90s_1","less_gr60"
93,86,9,3,8,6,1,3,7,8,9,3,6,86,93,8,8,13,6,0,1,0,0,1,0,"1","0","gr60_b10i_b20w","83_96",6,"80s_90s","80s_90s_1","less_gr60"
92,98,9,2,9,8,0,6,6,9,9,2,8,92,98,8,8,12,18,1,0,0,0,1,0,"0","1","gr60_b10w_b20w","92_98",0,"90s_90s","90s_90s_0","less_gr60"
91,93,9,1,9,3,0,2,2,9,9,1,3,91,93,8,8,11,13,1,0,0,0,1,0,"0","1","gr60_b10w_b20w","91_93",0,"90s_90s","90s_90s_0","less_gr60"
91,98,9,1,9,8,0,7,7,9,9,1,8,91,98,8,8,11,18,1,0,0,0,1,0,"0","1","gr60_b10w_b20w","91_98",0,"90s_90s","90s_90s_0","less_gr60"
97,98,9,7,9,8,0,1,1,9,9,7,8,97,98,8,8,17,18,1,0,0,0,1,0,"0","1","gr60_b10w_b20w","97_98",0,"90s_90s","90s_90s_0","less_gr60"
98,91,9,8,9,1,0,7,7,9,9,1,8,91,98,8,8,18,11,1,0,0,0,1,0,"1","0","gr60_b10w_b20w","91_98",0,"90s_90s","90s_90s_1","less_gr60"
98,97,9,8,9,7,0,1,1,9,9,7,8,97,98,8,8,18,17,1,0,0,0,1,0,"1","0","gr60_b10w_b20w","97_98",0,"90s_90s","90s_90s_1","less_gr60"
97,94,9,7,9,4,0,3,3,9,9,4,7,94,97,8,8,17,14,1,0,0,0,1,0,"1","0","gr60_b10w_b20w","94_97",0,"90s_90s","90s_90s_1","less_gr60"
96,91,9,6,9,1,0,5,5,9,9,1,6,91,96,8,8,16,11,1,0,0,0,1,0,"1","0","gr60_b10w_b20w","91_96",0,"90s_90s","90s_90s_1","less_gr60"
