"matched_group","condition","dec_dist","unit_dist","num_dist","n"
"60s_80s_0","gr60_b10c_b20c",2,4,24,4
"60s_80s_1","gr60_b10c_b20c",2,4,24,4
"60s_90s_0","gr60_b10c_b20c",3,4,34,4
"60s_90s_1","gr60_b10c_b20c",3,4,34,4
"70s_90s_0","gr60_b10c_b20c",2,4,24,4
"70s_90s_1","gr60_b10c_b20c",2,4,24,4
"70s_80s_0","gr60_b10c_b20i",1,4,14,4
"70s_80s_1","gr60_b10c_b20i",1,4,14,4
"60s_70s_0","gr60_b10c_b20w",1,4,14,4
"60s_70s_1","gr60_b10c_b20w",1,4,14,4
"80s_90s_0","gr60_b10c_b20w",1,4,14,4
"80s_90s_1","gr60_b10c_b20w",1,4,14,4
"60s_90s_0","gr60_b10i_b20c",3,4,26,4
"60s_90s_1","gr60_b10i_b20c",3,4,26,4
"60s_80s_0","gr60_b10i_b20i",2,4,16,4
"60s_80s_1","gr60_b10i_b20i",2,4,16,4
"70s_80s_0","gr60_b10i_b20i",1,4,6,4
"70s_80s_1","gr60_b10i_b20i",1,4,6,4
"70s_90s_0","gr60_b10i_b20i",2,4,16,4
"70s_90s_1","gr60_b10i_b20i",2,4,16,4
"60s_70s_0","gr60_b10i_b20w",1,4,6,4
"60s_70s_1","gr60_b10i_b20w",1,4,6,4
"80s_90s_0","gr60_b10i_b20w",1,4,6,4
"80s_90s_1","gr60_b10i_b20w",1,4,6,4
"60s_60s_0","gr60_b10w_b20w",0,4,4,4
"60s_60s_1","gr60_b10w_b20w",0,4,4,4
"70s_70s_0","gr60_b10w_b20w",0,4,4,4
"70s_70s_1","gr60_b10w_b20w",0,4,4,4
"80s_80s_0","gr60_b10w_b20w",0,4,4,4
"80s_80s_1","gr60_b10w_b20w",0,4,4,4
"90s_90s_0","gr60_b10w_b20w",0,4,4,4
"90s_90s_1","gr60_b10w_b20w",0,4,4,4
