num1,num2,dec1,unit1,dec2,unit2,dec_dist,unit_dist,num_dist,min_dec,max_dec,min_unit,max_unit,min_num,max_num,vig1,vig2,b20u1,b20u2,within_dec,within_vig,comp,comp_b20,greater60,smaller60,num1_greater,num2_greater,condition,orig_item,dist_discrepancy,dec_pair,matched_group
23,29,2,3,2,9,0,6,6,2,2,3,9,23,29,2,2,3,9,TRUE,FALSE,FALSE,FALSE,FALSE,TRUE,0,1,sm60_b10w_b20w,23_29,0,20s_20s,20s_20s_0
23,28,2,3,2,8,0,5,5,2,2,3,8,23,28,2,2,3,8,TRUE,FALSE,FALSE,FALSE,FALSE,TRUE,0,1,sm60_b10w_b20w,23_28,0,20s_20s,20s_20s_0
24,29,2,4,2,9,0,5,5,2,2,4,9,24,29,2,2,4,9,TRUE,FALSE,FALSE,FALSE,FALSE,TRUE,0,1,sm60_b10w_b20w,24_29,0,20s_20s,20s_20s_0
24,27,2,4,2,7,0,3,3,2,2,4,7,24,27,2,2,4,7,TRUE,FALSE,FALSE,FALSE,FALSE,TRUE,0,1,sm60_b10w_b20w,24_27,0,20s_20s,20s_20s_0
25,29,2,5,2,9,0,4,4,2,2,5,9,25,29,2,2,5,9,TRUE,FALSE,FALSE,FALSE,FALSE,TRUE,0,1,sm60_b10w_b20w,25_29,0,20s_20s,20s_20s_0
27,28,2,7,2,8,0,1,1,2,2,7,8,27,28,2,2,7,8,TRUE,FALSE,FALSE,FALSE,FALSE,TRUE,0,1,sm60_b10w_b20w,27_28,0,20s_20s,20s_20s_0
29,23,2,9,2,3,0,6,6,2,2,3,9,23,29,2,2,9,3,TRUE,FALSE,FALSE,FALSE,FALSE,TRUE,1,0,sm60_b10w_b20w,23_29,0,20s_20s,20s_20s_1
28,23,2,8,2,3,0,5,5,2,2,3,8,23,28,2,2,8,3,TRUE,FALSE,FALSE,FALSE,FALSE,TRUE,1,0,sm60_b10w_b20w,23_28,0,20s_20s,20s_20s_1
29,24,2,9,2,4,0,5,5,2,2,4,9,24,29,2,2,9,4,TRUE,FALSE,FALSE,FALSE,FALSE,TRUE,1,0,sm60_b10w_b20w,24_29,0,20s_20s,20s_20s_1
28,25,2,8,2,5,0,3,3,2,2,5,8,25,28,2,2,8,5,TRUE,FALSE,FALSE,FALSE,FALSE,TRUE,1,0,sm60_b10w_b20w,25_28,0,20s_20s,20s_20s_1
28,27,2,8,2,7,0,1,1,2,2,7,8,27,28,2,2,8,7,TRUE,FALSE,FALSE,FALSE,FALSE,TRUE,1,0,sm60_b10w_b20w,27_28,0,20s_20s,20s_20s_1
27,23,2,7,2,3,0,4,4,2,2,3,7,23,27,2,2,7,3,TRUE,FALSE,FALSE,FALSE,FALSE,TRUE,1,0,sm60_b10w_b20w,23_27,0,20s_20s,20s_20s_1
24,39,2,4,3,9,1,5,15,2,3,4,9,24,39,2,3,4,9,FALSE,FALSE,TRUE,TRUE,FALSE,TRUE,0,1,sm60_b10c_b20c,24_39,0,20s_30s,20s_30s_0
25,38,2,5,3,8,1,3,13,2,3,5,8,25,38,2,3,5,8,FALSE,FALSE,TRUE,TRUE,FALSE,TRUE,0,1,sm60_b10c_b20c,25_38,0,20s_30s,20s_30s_0
29,34,2,9,3,4,1,5,5,2,3,4,9,29,34,2,3,9,4,FALSE,FALSE,FALSE,FALSE,FALSE,TRUE,0,1,sm60_b10i_b20i,24_39,10,20s_30s,20s_30s_0
28,35,2,8,3,5,1,3,7,2,3,5,8,28,35,2,3,8,5,FALSE,FALSE,FALSE,FALSE,FALSE,TRUE,0,1,sm60_b10i_b20i,25_38,6,20s_30s,20s_30s_0
39,24,3,9,2,4,1,5,15,2,3,4,9,24,39,3,2,9,4,FALSE,FALSE,TRUE,TRUE,FALSE,TRUE,1,0,sm60_b10c_b20c,24_39,0,20s_30s,20s_30s_1
38,25,3,8,2,5,1,3,13,2,3,5,8,25,38,3,2,8,5,FALSE,FALSE,TRUE,TRUE,FALSE,TRUE,1,0,sm60_b10c_b20c,25_38,0,20s_30s,20s_30s_1
34,29,3,4,2,9,1,5,5,2,3,4,9,29,34,3,2,4,9,FALSE,FALSE,FALSE,FALSE,FALSE,TRUE,1,0,sm60_b10i_b20i,24_39,10,20s_30s,20s_30s_1
35,28,3,5,2,8,1,3,7,2,3,5,8,28,35,3,2,5,8,FALSE,FALSE,FALSE,FALSE,FALSE,TRUE,1,0,sm60_b10i_b20i,25_38,6,20s_30s,20s_30s_1
23,49,2,3,4,9,2,6,26,2,4,3,9,23,49,2,4,3,9,FALSE,FALSE,TRUE,TRUE,FALSE,TRUE,0,1,sm60_b10c_b20c,23_49,0,20s_40s,20s_40s_0
25,47,2,5,4,7,2,2,22,2,4,5,7,25,47,2,4,5,7,FALSE,FALSE,TRUE,TRUE,FALSE,TRUE,0,1,sm60_b10c_b20c,25_47,0,20s_40s,20s_40s_0
29,43,2,9,4,3,2,6,14,2,4,3,9,29,43,2,4,9,3,FALSE,FALSE,FALSE,FALSE,FALSE,TRUE,0,1,sm60_b10i_b20i,23_49,12,20s_40s,20s_40s_0
27,45,2,7,4,5,2,2,18,2,4,5,7,27,45,2,4,7,5,FALSE,FALSE,FALSE,FALSE,FALSE,TRUE,0,1,sm60_b10i_b20i,25_47,4,20s_40s,20s_40s_0
49,23,4,9,2,3,2,6,26,2,4,3,9,23,49,4,2,9,3,FALSE,FALSE,TRUE,TRUE,FALSE,TRUE,1,0,sm60_b10c_b20c,23_49,0,20s_40s,20s_40s_1
47,25,4,7,2,5,2,2,22,2,4,5,7,25,47,4,2,7,5,FALSE,FALSE,TRUE,TRUE,FALSE,TRUE,1,0,sm60_b10c_b20c,25_47,0,20s_40s,20s_40s_1
43,29,4,3,2,9,2,6,14,2,4,3,9,29,43,4,2,3,9,FALSE,FALSE,FALSE,FALSE,FALSE,TRUE,1,0,sm60_b10i_b20i,23_49,12,20s_40s,20s_40s_1
45,27,4,5,2,7,2,2,18,2,4,5,7,27,45,4,2,5,7,FALSE,FALSE,FALSE,FALSE,FALSE,TRUE,1,0,sm60_b10i_b20i,25_47,4,20s_40s,20s_40s_1
23,58,2,3,5,8,3,5,35,2,5,3,8,23,58,2,5,3,8,FALSE,FALSE,TRUE,TRUE,FALSE,TRUE,0,1,sm60_b10c_b20c,23_58,0,20s_50s,20s_50s_0
24,57,2,4,5,7,3,3,33,2,5,4,7,24,57,2,5,4,7,FALSE,FALSE,TRUE,TRUE,FALSE,TRUE,0,1,sm60_b10c_b20c,24_57,0,20s_50s,20s_50s_0
28,53,2,8,5,3,3,5,25,2,5,3,8,28,53,2,5,8,3,FALSE,FALSE,FALSE,FALSE,FALSE,TRUE,0,1,sm60_b10i_b20i,23_58,10,20s_50s,20s_50s_0
27,54,2,7,5,4,3,3,27,2,5,4,7,27,54,2,5,7,4,FALSE,FALSE,FALSE,FALSE,FALSE,TRUE,0,1,sm60_b10i_b20i,24_57,6,20s_50s,20s_50s_0
58,23,5,8,2,3,3,5,35,2,5,3,8,23,58,5,2,8,3,FALSE,FALSE,TRUE,TRUE,FALSE,TRUE,1,0,sm60_b10c_b20c,23_58,0,20s_50s,20s_50s_1
57,24,5,7,2,4,3,3,33,2,5,4,7,24,57,5,2,7,4,FALSE,FALSE,TRUE,TRUE,FALSE,TRUE,1,0,sm60_b10c_b20c,24_57,0,20s_50s,20s_50s_1
53,28,5,3,2,8,3,5,25,2,5,3,8,28,53,5,2,3,8,FALSE,FALSE,FALSE,FALSE,FALSE,TRUE,1,0,sm60_b10i_b20i,23_58,10,20s_50s,20s_50s_1
54,27,5,4,2,7,3,3,27,2,5,4,7,27,54,5,2,4,7,FALSE,FALSE,FALSE,FALSE,FALSE,TRUE,1,0,sm60_b10i_b20i,24_57,6,20s_50s,20s_50s_1
32,39,3,2,3,9,0,7,7,3,3,2,9,32,39,3,3,2,9,TRUE,FALSE,FALSE,FALSE,FALSE,TRUE,0,1,sm60_b10w_b20w,32_39,0,30s_30s,30s_30s_0
32,38,3,2,3,8,0,6,6,3,3,2,8,32,38,3,3,2,8,TRUE,FALSE,FALSE,FALSE,FALSE,TRUE,0,1,sm60_b10w_b20w,32_38,0,30s_30s,30s_30s_0
34,39,3,4,3,9,0,5,5,3,3,4,9,34,39,3,3,4,9,TRUE,FALSE,FALSE,FALSE,FALSE,TRUE,0,1,sm60_b10w_b20w,34_39,0,30s_30s,30s_30s_0
34,36,3,4,3,6,0,2,2,3,3,4,6,34,36,3,3,4,6,TRUE,FALSE,FALSE,FALSE,FALSE,TRUE,0,1,sm60_b10w_b20w,34_36,0,30s_30s,30s_30s_0
38,39,3,8,3,9,0,1,1,3,3,8,9,38,39,3,3,8,9,TRUE,FALSE,FALSE,FALSE,FALSE,TRUE,0,1,sm60_b10w_b20w,38_39,0,30s_30s,30s_30s_0
35,38,3,5,3,8,0,3,3,3,3,5,8,35,38,3,3,5,8,TRUE,FALSE,FALSE,FALSE,FALSE,TRUE,0,1,sm60_b10w_b20w,35_38,0,30s_30s,30s_30s_0
39,32,3,9,3,2,0,7,7,3,3,2,9,32,39,3,3,9,2,TRUE,FALSE,FALSE,FALSE,FALSE,TRUE,1,0,sm60_b10w_b20w,32_39,0,30s_30s,30s_30s_1
38,32,3,8,3,2,0,6,6,3,3,2,8,32,38,3,3,8,2,TRUE,FALSE,FALSE,FALSE,FALSE,TRUE,1,0,sm60_b10w_b20w,32_38,0,30s_30s,30s_30s_1
39,34,3,9,3,4,0,5,5,3,3,4,9,34,39,3,3,9,4,TRUE,FALSE,FALSE,FALSE,FALSE,TRUE,1,0,sm60_b10w_b20w,34_39,0,30s_30s,30s_30s_1
35,32,3,5,3,2,0,3,3,3,3,2,5,32,35,3,3,5,2,TRUE,FALSE,FALSE,FALSE,FALSE,TRUE,1,0,sm60_b10w_b20w,32_35,0,30s_30s,30s_30s_1
36,35,3,6,3,5,0,1,1,3,3,5,6,35,36,3,3,6,5,TRUE,FALSE,FALSE,FALSE,FALSE,TRUE,1,0,sm60_b10w_b20w,35_36,0,30s_30s,30s_30s_1
38,36,3,8,3,6,0,2,2,3,3,6,8,36,38,3,3,8,6,TRUE,FALSE,FALSE,FALSE,FALSE,TRUE,1,0,sm60_b10w_b20w,36_38,0,30s_30s,30s_30s_1
32,49,3,2,4,9,1,7,17,3,4,2,9,32,49,3,4,2,9,FALSE,FALSE,TRUE,TRUE,FALSE,TRUE,0,1,sm60_b10c_b20c,32_49,0,30s_40s,30s_40s_0
35,46,3,5,4,6,1,1,11,3,4,5,6,35,46,3,4,5,6,FALSE,FALSE,TRUE,TRUE,FALSE,TRUE,0,1,sm60_b10c_b20c,35_46,0,30s_40s,30s_40s_0
39,42,3,9,4,2,1,7,3,3,4,2,9,39,42,3,4,9,2,FALSE,FALSE,FALSE,FALSE,FALSE,TRUE,0,1,sm60_b10i_b20i,32_49,14,30s_40s,30s_40s_0
36,45,3,6,4,5,1,1,9,3,4,5,6,36,45,3,4,6,5,FALSE,FALSE,FALSE,FALSE,FALSE,TRUE,0,1,sm60_b10i_b20i,35_46,2,30s_40s,30s_40s_0
49,32,4,9,3,2,1,7,17,3,4,2,9,32,49,4,3,9,2,FALSE,FALSE,TRUE,TRUE,FALSE,TRUE,1,0,sm60_b10c_b20c,32_49,0,30s_40s,30s_40s_1
46,35,4,6,3,5,1,1,11,3,4,5,6,35,46,4,3,6,5,FALSE,FALSE,TRUE,TRUE,FALSE,TRUE,1,0,sm60_b10c_b20c,35_46,0,30s_40s,30s_40s_1
42,39,4,2,3,9,1,7,3,3,4,2,9,39,42,4,3,2,9,FALSE,FALSE,FALSE,FALSE,FALSE,TRUE,1,0,sm60_b10i_b20i,32_49,14,30s_40s,30s_40s_1
45,36,4,5,3,6,1,1,9,3,4,5,6,36,45,4,3,5,6,FALSE,FALSE,FALSE,FALSE,FALSE,TRUE,1,0,sm60_b10i_b20i,35_46,2,30s_40s,30s_40s_1
32,58,3,2,5,8,2,6,26,3,5,2,8,32,58,3,5,2,8,FALSE,FALSE,TRUE,TRUE,FALSE,TRUE,0,1,sm60_b10c_b20c,32_58,0,30s_50s,30s_50s_0
32,54,3,2,5,4,2,2,22,3,5,2,4,32,54,3,5,2,4,FALSE,FALSE,TRUE,TRUE,FALSE,TRUE,0,1,sm60_b10c_b20c,32_54,0,30s_50s,30s_50s_0
38,52,3,8,5,2,2,6,14,3,5,2,8,38,52,3,5,8,2,FALSE,FALSE,FALSE,FALSE,FALSE,TRUE,0,1,sm60_b10i_b20i,32_58,12,30s_50s,30s_50s_0
34,52,3,4,5,2,2,2,18,3,5,2,4,34,52,3,5,4,2,FALSE,FALSE,FALSE,FALSE,FALSE,TRUE,0,1,sm60_b10i_b20i,32_54,4,30s_50s,30s_50s_0
58,32,5,8,3,2,2,6,26,3,5,2,8,32,58,5,3,8,2,FALSE,FALSE,TRUE,TRUE,FALSE,TRUE,1,0,sm60_b10c_b20c,32_58,0,30s_50s,30s_50s_1
58,36,5,8,3,6,2,2,22,3,5,6,8,36,58,5,3,8,6,FALSE,FALSE,TRUE,TRUE,FALSE,TRUE,1,0,sm60_b10c_b20c,36_58,0,30s_50s,30s_50s_1
52,38,5,2,3,8,2,6,14,3,5,2,8,38,52,5,3,2,8,FALSE,FALSE,FALSE,FALSE,FALSE,TRUE,1,0,sm60_b10i_b20i,32_58,12,30s_50s,30s_50s_1
56,38,5,6,3,8,2,2,18,3,5,6,8,38,56,5,3,6,8,FALSE,FALSE,FALSE,FALSE,FALSE,TRUE,1,0,sm60_b10i_b20i,36_58,4,30s_50s,30s_50s_1
42,49,4,2,4,9,0,7,7,4,4,2,9,42,49,4,4,2,9,TRUE,FALSE,FALSE,FALSE,FALSE,TRUE,0,1,sm60_b10w_b20w,42_49,0,40s_40s,40s_40s_0
43,49,4,3,4,9,0,6,6,4,4,3,9,43,49,4,4,3,9,TRUE,FALSE,FALSE,FALSE,FALSE,TRUE,0,1,sm60_b10w_b20w,43_49,0,40s_40s,40s_40s_0
42,47,4,2,4,7,0,5,5,4,4,2,7,42,47,4,4,2,7,TRUE,FALSE,FALSE,FALSE,FALSE,TRUE,0,1,sm60_b10w_b20w,42_47,0,40s_40s,40s_40s_0
47,49,4,7,4,9,0,2,2,4,4,7,9,47,49,4,4,7,9,TRUE,FALSE,FALSE,FALSE,FALSE,TRUE,0,1,sm60_b10w_b20w,47_49,0,40s_40s,40s_40s_0
42,45,4,2,4,5,0,3,3,4,4,2,5,42,45,4,4,2,5,TRUE,FALSE,FALSE,FALSE,FALSE,TRUE,0,1,sm60_b10w_b20w,42_45,0,40s_40s,40s_40s_0
46,47,4,6,4,7,0,1,1,4,4,6,7,46,47,4,4,6,7,TRUE,FALSE,FALSE,FALSE,FALSE,TRUE,0,1,sm60_b10w_b20w,46_47,0,40s_40s,40s_40s_0
49,42,4,9,4,2,0,7,7,4,4,2,9,42,49,4,4,9,2,TRUE,FALSE,FALSE,FALSE,FALSE,TRUE,1,0,sm60_b10w_b20w,42_49,0,40s_40s,40s_40s_1
49,43,4,9,4,3,0,6,6,4,4,3,9,43,49,4,4,9,3,TRUE,FALSE,FALSE,FALSE,FALSE,TRUE,1,0,sm60_b10w_b20w,43_49,0,40s_40s,40s_40s_1
47,42,4,7,4,2,0,5,5,4,4,2,7,42,47,4,4,7,2,TRUE,FALSE,FALSE,FALSE,FALSE,TRUE,1,0,sm60_b10w_b20w,42_47,0,40s_40s,40s_40s_1
47,46,4,7,4,6,0,1,1,4,4,6,7,46,47,4,4,7,6,TRUE,FALSE,FALSE,FALSE,FALSE,TRUE,1,0,sm60_b10w_b20w,46_47,0,40s_40s,40s_40s_1
47,45,4,7,4,5,0,2,2,4,4,5,7,45,47,4,4,7,5,TRUE,FALSE,FALSE,FALSE,FALSE,TRUE,1,0,sm60_b10w_b20w,45_47,0,40s_40s,40s_40s_1
49,46,4,9,4,6,0,3,3,4,4,6,9,46,49,4,4,9,6,TRUE,FALSE,FALSE,FALSE,FALSE,TRUE,1,0,sm60_b10w_b20w,46_49,0,40s_40s,40s_40s_1
42,57,4,2,5,7,1,5,15,4,5,2,7,42,57,4,5,2,7,FALSE,FALSE,TRUE,TRUE,FALSE,TRUE,0,1,sm60_b10c_b20c,42_57,0,40s_50s,40s_50s_0
43,56,4,3,5,6,1,3,13,4,5,3,6,43,56,4,5,3,6,FALSE,FALSE,TRUE,TRUE,FALSE,TRUE,0,1,sm60_b10c_b20c,43_56,0,40s_50s,40s_50s_0
47,52,4,7,5,2,1,5,5,4,5,2,7,47,52,4,5,7,2,FALSE,FALSE,FALSE,FALSE,FALSE,TRUE,0,1,sm60_b10i_b20i,42_57,10,40s_50s,40s_50s_0
46,53,4,6,5,3,1,3,7,4,5,3,6,46,53,4,5,6,3,FALSE,FALSE,FALSE,FALSE,FALSE,TRUE,0,1,sm60_b10i_b20i,43_56,6,40s_50s,40s_50s_0
57,42,5,7,4,2,1,5,15,4,5,2,7,42,57,5,4,7,2,FALSE,FALSE,TRUE,TRUE,FALSE,TRUE,1,0,sm60_b10c_b20c,42_57,0,40s_50s,40s_50s_1
56,43,5,6,4,3,1,3,13,4,5,3,6,43,56,5,4,6,3,FALSE,FALSE,TRUE,TRUE,FALSE,TRUE,1,0,sm60_b10c_b20c,43_56,0,40s_50s,40s_50s_1
52,47,5,2,4,7,1,5,5,4,5,2,7,47,52,5,4,2,7,FALSE,FALSE,FALSE,FALSE,FALSE,TRUE,1,0,sm60_b10i_b20i,42_57,10,40s_50s,40s_50s_1
53,46,5,3,4,6,1,3,7,4,5,3,6,46,53,5,4,3,6,FALSE,FALSE,FALSE,FALSE,FALSE,TRUE,1,0,sm60_b10i_b20i,43_56,6,40s_50s,40s_50s_1
52,58,5,2,5,8,0,6,6,5,5,2,8,52,58,5,5,2,8,TRUE,FALSE,FALSE,FALSE,FALSE,TRUE,0,1,sm60_b10w_b20w,52_58,0,50s_50s,50s_50s_0
52,57,5,2,5,7,0,5,5,5,5,2,7,52,57,5,5,2,7,TRUE,FALSE,FALSE,FALSE,FALSE,TRUE,0,1,sm60_b10w_b20w,52_57,0,50s_50s,50s_50s_0
53,58,5,3,5,8,0,5,5,5,5,3,8,53,58,5,5,3,8,TRUE,FALSE,FALSE,FALSE,FALSE,TRUE,0,1,sm60_b10w_b20w,53_58,0,50s_50s,50s_50s_0
54,57,5,4,5,7,0,3,3,5,5,4,7,54,57,5,5,4,7,TRUE,FALSE,FALSE,FALSE,FALSE,TRUE,0,1,sm60_b10w_b20w,54_57,0,50s_50s,50s_50s_0
53,57,5,3,5,7,0,4,4,5,5,3,7,53,57,5,5,3,7,TRUE,FALSE,FALSE,FALSE,FALSE,TRUE,0,1,sm60_b10w_b20w,53_57,0,50s_50s,50s_50s_0
53,54,5,3,5,4,0,1,1,5,5,3,4,53,54,5,5,3,4,TRUE,FALSE,FALSE,FALSE,FALSE,TRUE,0,1,sm60_b10w_b20w,53_54,0,50s_50s,50s_50s_0
58,52,5,8,5,2,0,6,6,5,5,2,8,52,58,5,5,8,2,TRUE,FALSE,FALSE,FALSE,FALSE,TRUE,1,0,sm60_b10w_b20w,52_58,0,50s_50s,50s_50s_1
58,53,5,8,5,3,0,5,5,5,5,3,8,53,58,5,5,8,3,TRUE,FALSE,FALSE,FALSE,FALSE,TRUE,1,0,sm60_b10w_b20w,53_58,0,50s_50s,50s_50s_1
57,52,5,7,5,2,0,5,5,5,5,2,7,52,57,5,5,7,2,TRUE,FALSE,FALSE,FALSE,FALSE,TRUE,1,0,sm60_b10w_b20w,52_57,0,50s_50s,50s_50s_1
56,52,5,6,5,2,0,4,4,5,5,2,6,52,56,5,5,6,2,TRUE,FALSE,FALSE,FALSE,FALSE,TRUE,1,0,sm60_b10w_b20w,52_56,0,50s_50s,50s_50s_1
56,53,5,6,5,3,0,3,3,5,5,3,6,53,56,5,5,6,3,TRUE,FALSE,FALSE,FALSE,FALSE,TRUE,1,0,sm60_b10w_b20w,53_56,0,50s_50s,50s_50s_1
58,57,5,8,5,7,0,1,1,5,5,7,8,57,58,5,5,8,7,TRUE,FALSE,FALSE,FALSE,FALSE,TRUE,1,0,sm60_b10w_b20w,57_58,0,50s_50s,50s_50s_1
62,69,6,2,6,9,0,7,7,6,6,2,9,62,69,6,6,2,9,TRUE,FALSE,FALSE,FALSE,TRUE,FALSE,0,1,gr60_b10w_b20w,62_69,0,60s_60s,60s_60s_0
63,69,6,3,6,9,0,6,6,6,6,3,9,63,69,6,6,3,9,TRUE,FALSE,FALSE,FALSE,TRUE,FALSE,0,1,gr60_b10w_b20w,63_69,0,60s_60s,60s_60s_0
62,68,6,2,6,8,0,6,6,6,6,2,8,62,68,6,6,2,8,TRUE,FALSE,FALSE,FALSE,TRUE,FALSE,0,1,gr60_b10w_b20w,62_68,0,60s_60s,60s_60s_0
63,64,6,3,6,4,0,1,1,6,6,3,4,63,64,6,6,3,4,TRUE,FALSE,FALSE,FALSE,TRUE,FALSE,0,1,gr60_b10w_b20w,63_64,0,60s_60s,60s_60s_0
62,64,6,2,6,4,0,2,2,6,6,2,4,62,64,6,6,2,4,TRUE,FALSE,FALSE,FALSE,TRUE,FALSE,0,1,gr60_b10w_b20w,62_64,0,60s_60s,60s_60s_0
67,69,6,7,6,9,0,2,2,6,6,7,9,67,69,6,6,7,9,TRUE,FALSE,FALSE,FALSE,TRUE,FALSE,0,1,gr60_b10w_b20w,67_69,0,60s_60s,60s_60s_0
69,62,6,9,6,2,0,7,7,6,6,2,9,62,69,6,6,9,2,TRUE,FALSE,FALSE,FALSE,TRUE,FALSE,1,0,gr60_b10w_b20w,62_69,0,60s_60s,60s_60s_1
68,62,6,8,6,2,0,6,6,6,6,2,8,62,68,6,6,8,2,TRUE,FALSE,FALSE,FALSE,TRUE,FALSE,1,0,gr60_b10w_b20w,62_68,0,60s_60s,60s_60s_1
69,63,6,9,6,3,0,6,6,6,6,3,9,63,69,6,6,9,3,TRUE,FALSE,FALSE,FALSE,TRUE,FALSE,1,0,gr60_b10w_b20w,63_69,0,60s_60s,60s_60s_1
68,67,6,8,6,7,0,1,1,6,6,7,8,67,68,6,6,8,7,TRUE,FALSE,FALSE,FALSE,TRUE,FALSE,1,0,gr60_b10w_b20w,67_68,0,60s_60s,60s_60s_1
65,64,6,5,6,4,0,1,1,6,6,4,5,64,65,6,6,5,4,TRUE,FALSE,FALSE,FALSE,TRUE,FALSE,1,0,gr60_b10w_b20w,64_65,0,60s_60s,60s_60s_1
67,64,6,7,6,4,0,3,3,6,6,4,7,64,67,6,6,7,4,TRUE,FALSE,FALSE,FALSE,TRUE,FALSE,1,0,gr60_b10w_b20w,64_67,0,60s_60s,60s_60s_1
62,79,6,2,7,9,1,7,17,6,7,2,9,62,79,6,6,2,19,FALSE,TRUE,TRUE,FALSE,TRUE,FALSE,0,1,gr60_b10c_b20w,62_79,0,60s_70s,60s_70s_0
62,78,6,2,7,8,1,6,16,6,7,2,8,62,78,6,6,2,18,FALSE,TRUE,TRUE,FALSE,TRUE,FALSE,0,1,gr60_b10c_b20w,62_78,0,60s_70s,60s_70s_0
62,73,6,2,7,3,1,1,11,6,7,2,3,62,73,6,6,2,13,FALSE,TRUE,TRUE,FALSE,TRUE,FALSE,0,1,gr60_b10c_b20w,62_73,0,60s_70s,60s_70s_0
62,74,6,2,7,4,1,2,12,6,7,2,4,62,74,6,6,2,14,FALSE,TRUE,TRUE,FALSE,TRUE,FALSE,0,1,gr60_b10c_b20w,62_74,0,60s_70s,60s_70s_0
69,72,6,9,7,2,1,7,3,6,7,2,9,69,72,6,6,9,12,FALSE,TRUE,FALSE,FALSE,TRUE,FALSE,0,1,gr60_b10i_b20w,62_79,14,60s_70s,60s_70s_0
68,72,6,8,7,2,1,6,4,6,7,2,8,68,72,6,6,8,12,FALSE,TRUE,FALSE,FALSE,TRUE,FALSE,0,1,gr60_b10i_b20w,62_78,12,60s_70s,60s_70s_0
63,72,6,3,7,2,1,1,9,6,7,2,3,63,72,6,6,3,12,FALSE,TRUE,FALSE,FALSE,TRUE,FALSE,0,1,gr60_b10i_b20w,62_73,2,60s_70s,60s_70s_0
64,72,6,4,7,2,1,2,8,6,7,2,4,64,72,6,6,4,12,FALSE,TRUE,FALSE,FALSE,TRUE,FALSE,0,1,gr60_b10i_b20w,62_74,4,60s_70s,60s_70s_0
79,62,7,9,6,2,1,7,17,6,7,2,9,62,79,6,6,19,2,FALSE,TRUE,TRUE,FALSE,TRUE,FALSE,1,0,gr60_b10c_b20w,62_79,0,60s_70s,60s_70s_1
79,63,7,9,6,3,1,6,16,6,7,3,9,63,79,6,6,19,3,FALSE,TRUE,TRUE,FALSE,TRUE,FALSE,1,0,gr60_b10c_b20w,63_79,0,60s_70s,60s_70s_1
74,63,7,4,6,3,1,1,11,6,7,3,4,63,74,6,6,14,3,FALSE,TRUE,TRUE,FALSE,TRUE,FALSE,1,0,gr60_b10c_b20w,63_74,0,60s_70s,60s_70s_1
74,62,7,4,6,2,1,2,12,6,7,2,4,62,74,6,6,14,2,FALSE,TRUE,TRUE,FALSE,TRUE,FALSE,1,0,gr60_b10c_b20w,62_74,0,60s_70s,60s_70s_1
72,69,7,2,6,9,1,7,3,6,7,2,9,69,72,6,6,12,9,FALSE,TRUE,FALSE,FALSE,TRUE,FALSE,1,0,gr60_b10i_b20w,62_79,14,60s_70s,60s_70s_1
73,69,7,3,6,9,1,6,4,6,7,3,9,69,73,6,6,13,9,FALSE,TRUE,FALSE,FALSE,TRUE,FALSE,1,0,gr60_b10i_b20w,63_79,12,60s_70s,60s_70s_1
73,64,7,3,6,4,1,1,9,6,7,3,4,64,73,6,6,13,4,FALSE,TRUE,FALSE,FALSE,TRUE,FALSE,1,0,gr60_b10i_b20w,63_74,2,60s_70s,60s_70s_1
72,64,7,2,6,4,1,2,8,6,7,2,4,64,72,6,6,12,4,FALSE,TRUE,FALSE,FALSE,TRUE,FALSE,1,0,gr60_b10i_b20w,62_74,4,60s_70s,60s_70s_1
62,89,6,2,8,9,2,7,27,6,8,2,9,62,89,6,8,2,9,FALSE,FALSE,TRUE,TRUE,TRUE,FALSE,0,1,gr60_b10c_b20c,62_89,0,60s_80s,60s_80s_0
63,89,6,3,8,9,2,6,26,6,8,3,9,63,89,6,8,3,9,FALSE,FALSE,TRUE,TRUE,TRUE,FALSE,0,1,gr60_b10c_b20c,63_89,0,60s_80s,60s_80s_0
62,83,6,2,8,3,2,1,21,6,8,2,3,62,83,6,8,2,3,FALSE,FALSE,TRUE,TRUE,TRUE,FALSE,0,1,gr60_b10c_b20c,62_83,0,60s_80s,60s_80s_0
65,87,6,5,8,7,2,2,22,6,8,5,7,65,87,6,8,5,7,FALSE,FALSE,TRUE,TRUE,TRUE,FALSE,0,1,gr60_b10c_b20c,65_87,0,60s_80s,60s_80s_0
69,82,6,9,8,2,2,7,13,6,8,2,9,69,82,6,8,9,2,FALSE,FALSE,FALSE,FALSE,TRUE,FALSE,0,1,gr60_b10i_b20i,62_89,14,60s_80s,60s_80s_0
69,83,6,9,8,3,2,6,14,6,8,3,9,69,83,6,8,9,3,FALSE,FALSE,FALSE,FALSE,TRUE,FALSE,0,1,gr60_b10i_b20i,63_89,12,60s_80s,60s_80s_0
63,82,6,3,8,2,2,1,19,6,8,2,3,63,82,6,8,3,2,FALSE,FALSE,FALSE,FALSE,TRUE,FALSE,0,1,gr60_b10i_b20i,62_83,2,60s_80s,60s_80s_0
67,85,6,7,8,5,2,2,18,6,8,5,7,67,85,6,8,7,5,FALSE,FALSE,FALSE,FALSE,TRUE,FALSE,0,1,gr60_b10i_b20i,65_87,4,60s_80s,60s_80s_0
89,62,8,9,6,2,2,7,27,6,8,2,9,62,89,8,6,9,2,FALSE,FALSE,TRUE,TRUE,TRUE,FALSE,1,0,gr60_b10c_b20c,62_89,0,60s_80s,60s_80s_1
89,63,8,9,6,3,2,6,26,6,8,3,9,63,89,8,6,9,3,FALSE,FALSE,TRUE,TRUE,TRUE,FALSE,1,0,gr60_b10c_b20c,63_89,0,60s_80s,60s_80s_1
84,63,8,4,6,3,2,1,21,6,8,3,4,63,84,8,6,4,3,FALSE,FALSE,TRUE,TRUE,TRUE,FALSE,1,0,gr60_b10c_b20c,63_84,0,60s_80s,60s_80s_1
84,62,8,4,6,2,2,2,22,6,8,2,4,62,84,8,6,4,2,FALSE,FALSE,TRUE,TRUE,TRUE,FALSE,1,0,gr60_b10c_b20c,62_84,0,60s_80s,60s_80s_1
82,69,8,2,6,9,2,7,13,6,8,2,9,69,82,8,6,2,9,FALSE,FALSE,FALSE,FALSE,TRUE,FALSE,1,0,gr60_b10i_b20i,62_89,14,60s_80s,60s_80s_1
83,69,8,3,6,9,2,6,14,6,8,3,9,69,83,8,6,3,9,FALSE,FALSE,FALSE,FALSE,TRUE,FALSE,1,0,gr60_b10i_b20i,63_89,12,60s_80s,60s_80s_1
83,64,8,3,6,4,2,1,19,6,8,3,4,64,83,8,6,3,4,FALSE,FALSE,FALSE,FALSE,TRUE,FALSE,1,0,gr60_b10i_b20i,63_84,2,60s_80s,60s_80s_1
82,64,8,2,6,4,2,2,18,6,8,2,4,64,82,8,6,2,4,FALSE,FALSE,FALSE,FALSE,TRUE,FALSE,1,0,gr60_b10i_b20i,62_84,4,60s_80s,60s_80s_1
62,98,6,2,9,8,3,6,36,6,9,2,8,62,98,6,8,2,18,FALSE,FALSE,TRUE,TRUE,TRUE,FALSE,0,1,gr60_b10c_b20c,62_98,0,60s_90s,60s_90s_0
63,98,6,3,9,8,3,5,35,6,9,3,8,63,98,6,8,3,18,FALSE,FALSE,TRUE,TRUE,TRUE,FALSE,0,1,gr60_b10c_b20c,63_98,0,60s_90s,60s_90s_0
62,97,6,2,9,7,3,5,35,6,9,2,7,62,97,6,8,2,17,FALSE,FALSE,TRUE,TRUE,TRUE,FALSE,0,1,gr60_b10c_b20c,62_97,0,60s_90s,60s_90s_0
63,97,6,3,9,7,3,4,34,6,9,3,7,63,97,6,8,3,17,FALSE,FALSE,TRUE,TRUE,TRUE,FALSE,0,1,gr60_b10c_b20c,63_97,0,60s_90s,60s_90s_0
64,98,6,4,9,8,3,4,34,6,9,4,8,64,98,6,8,4,18,FALSE,FALSE,TRUE,TRUE,TRUE,FALSE,0,1,gr60_b10c_b20c,64_98,0,60s_90s,60s_90s_0
63,94,6,3,9,4,3,1,31,6,9,3,4,63,94,6,8,3,14,FALSE,FALSE,TRUE,TRUE,TRUE,FALSE,0,1,gr60_b10c_b20c,63_94,0,60s_90s,60s_90s_0
63,97,6,3,9,7,3,4,34,6,9,3,7,63,97,6,8,3,17,FALSE,FALSE,TRUE,TRUE,TRUE,FALSE,0,1,gr60_b10c_b20c,63_97,0,60s_90s,60s_90s_0
62,95,6,2,9,5,3,3,33,6,9,2,5,62,95,6,8,2,15,FALSE,FALSE,TRUE,TRUE,TRUE,FALSE,0,1,gr60_b10c_b20c,62_95,0,60s_90s,60s_90s_0
68,92,6,8,9,2,3,6,24,6,9,2,8,68,92,6,8,8,12,FALSE,FALSE,FALSE,TRUE,TRUE,FALSE,0,1,gr60_b10i_b20c,62_98,12,60s_90s,60s_90s_0
68,93,6,8,9,3,3,5,25,6,9,3,8,68,93,6,8,8,13,FALSE,FALSE,FALSE,TRUE,TRUE,FALSE,0,1,gr60_b10i_b20c,63_98,10,60s_90s,60s_90s_0
67,92,6,7,9,2,3,5,25,6,9,2,7,67,92,6,8,7,12,FALSE,FALSE,FALSE,TRUE,TRUE,FALSE,0,1,gr60_b10i_b20c,62_97,10,60s_90s,60s_90s_0
67,93,6,7,9,3,3,4,26,6,9,3,7,67,93,6,8,7,13,FALSE,FALSE,FALSE,TRUE,TRUE,FALSE,0,1,gr60_b10i_b20c,63_97,8,60s_90s,60s_90s_0
68,94,6,8,9,4,3,4,26,6,9,4,8,68,94,6,8,8,14,FALSE,FALSE,FALSE,TRUE,TRUE,FALSE,0,1,gr60_b10i_b20c,64_98,8,60s_90s,60s_90s_0
64,93,6,4,9,3,3,1,29,6,9,3,4,64,93,6,8,4,13,FALSE,FALSE,FALSE,TRUE,TRUE,FALSE,0,1,gr60_b10i_b20c,63_94,2,60s_90s,60s_90s_0
67,93,6,7,9,3,3,4,26,6,9,3,7,67,93,6,8,7,13,FALSE,FALSE,FALSE,TRUE,TRUE,FALSE,0,1,gr60_b10i_b20c,63_97,8,60s_90s,60s_90s_0
65,92,6,5,9,2,3,3,27,6,9,2,5,65,92,6,8,5,12,FALSE,FALSE,FALSE,TRUE,TRUE,FALSE,0,1,gr60_b10i_b20c,62_95,6,60s_90s,60s_90s_0
98,62,9,8,6,2,3,6,36,6,9,2,8,62,98,8,6,18,2,FALSE,FALSE,TRUE,TRUE,TRUE,FALSE,1,0,gr60_b10c_b20c,62_98,0,60s_90s,60s_90s_1
97,62,9,7,6,2,3,5,35,6,9,2,7,62,97,8,6,17,2,FALSE,FALSE,TRUE,TRUE,TRUE,FALSE,1,0,gr60_b10c_b20c,62_97,0,60s_90s,60s_90s_1
98,63,9,8,6,3,3,5,35,6,9,3,8,63,98,8,6,18,3,FALSE,FALSE,TRUE,TRUE,TRUE,FALSE,1,0,gr60_b10c_b20c,63_98,0,60s_90s,60s_90s_1
97,63,9,7,6,3,3,4,34,6,9,3,7,63,97,8,6,17,3,FALSE,FALSE,TRUE,TRUE,TRUE,FALSE,1,0,gr60_b10c_b20c,63_97,0,60s_90s,60s_90s_1
95,62,9,5,6,2,3,3,33,6,9,2,5,62,95,8,6,15,2,FALSE,FALSE,TRUE,TRUE,TRUE,FALSE,1,0,gr60_b10c_b20c,62_95,0,60s_90s,60s_90s_1
97,65,9,7,6,5,3,2,32,6,9,5,7,65,97,8,6,17,5,FALSE,FALSE,TRUE,TRUE,TRUE,FALSE,1,0,gr60_b10c_b20c,65_97,0,60s_90s,60s_90s_1
97,63,9,7,6,3,3,4,34,6,9,3,7,63,97,8,6,17,3,FALSE,FALSE,TRUE,TRUE,TRUE,FALSE,1,0,gr60_b10c_b20c,63_97,0,60s_90s,60s_90s_1
97,64,9,7,6,4,3,3,33,6,9,4,7,64,97,8,6,17,4,FALSE,FALSE,TRUE,TRUE,TRUE,FALSE,1,0,gr60_b10c_b20c,64_97,0,60s_90s,60s_90s_1
92,68,9,2,6,8,3,6,24,6,9,2,8,68,92,8,6,12,8,FALSE,FALSE,FALSE,TRUE,TRUE,FALSE,1,0,gr60_b10i_b20c,62_98,12,60s_90s,60s_90s_1
92,67,9,2,6,7,3,5,25,6,9,2,7,67,92,8,6,12,7,FALSE,FALSE,FALSE,TRUE,TRUE,FALSE,1,0,gr60_b10i_b20c,62_97,10,60s_90s,60s_90s_1
93,68,9,3,6,8,3,5,25,6,9,3,8,68,93,8,6,13,8,FALSE,FALSE,FALSE,TRUE,TRUE,FALSE,1,0,gr60_b10i_b20c,63_98,10,60s_90s,60s_90s_1
93,67,9,3,6,7,3,4,26,6,9,3,7,67,93,8,6,13,7,FALSE,FALSE,FALSE,TRUE,TRUE,FALSE,1,0,gr60_b10i_b20c,63_97,8,60s_90s,60s_90s_1
92,65,9,2,6,5,3,3,27,6,9,2,5,65,92,8,6,12,5,FALSE,FALSE,FALSE,TRUE,TRUE,FALSE,1,0,gr60_b10i_b20c,62_95,6,60s_90s,60s_90s_1
95,67,9,5,6,7,3,2,28,6,9,5,7,67,95,8,6,15,7,FALSE,FALSE,FALSE,TRUE,TRUE,FALSE,1,0,gr60_b10i_b20c,65_97,4,60s_90s,60s_90s_1
93,67,9,3,6,7,3,4,26,6,9,3,7,67,93,8,6,13,7,FALSE,FALSE,FALSE,TRUE,TRUE,FALSE,1,0,gr60_b10i_b20c,63_97,8,60s_90s,60s_90s_1
94,67,9,4,6,7,3,3,27,6,9,4,7,67,94,8,6,14,7,FALSE,FALSE,FALSE,TRUE,TRUE,FALSE,1,0,gr60_b10i_b20c,64_97,6,60s_90s,60s_90s_1
72,79,7,2,7,9,0,7,7,7,7,2,9,72,79,6,6,12,19,TRUE,FALSE,FALSE,FALSE,TRUE,FALSE,0,1,gr60_b10w_b20w,72_79,0,70s_70s,70s_70s_0
72,78,7,2,7,8,0,6,6,7,7,2,8,72,78,6,6,12,18,TRUE,FALSE,FALSE,FALSE,TRUE,FALSE,0,1,gr60_b10w_b20w,72_78,0,70s_70s,70s_70s_0
73,79,7,3,7,9,0,6,6,7,7,3,9,73,79,6,6,13,19,TRUE,FALSE,FALSE,FALSE,TRUE,FALSE,0,1,gr60_b10w_b20w,73_79,0,70s_70s,70s_70s_0
73,74,7,3,7,4,0,1,1,7,7,3,4,73,74,6,6,13,14,TRUE,FALSE,FALSE,FALSE,TRUE,FALSE,0,1,gr60_b10w_b20w,73_74,0,70s_70s,70s_70s_0
74,75,7,4,7,5,0,1,1,7,7,4,5,74,75,6,6,14,15,TRUE,FALSE,FALSE,FALSE,TRUE,FALSE,0,1,gr60_b10w_b20w,74_75,0,70s_70s,70s_70s_0
72,75,7,2,7,5,0,3,3,7,7,2,5,72,75,6,6,12,15,TRUE,FALSE,FALSE,FALSE,TRUE,FALSE,0,1,gr60_b10w_b20w,72_75,0,70s_70s,70s_70s_0
79,72,7,9,7,2,0,7,7,7,7,2,9,72,79,6,6,19,12,TRUE,FALSE,FALSE,FALSE,TRUE,FALSE,1,0,gr60_b10w_b20w,72_79,0,70s_70s,70s_70s_1
79,73,7,9,7,3,0,6,6,7,7,3,9,73,79,6,6,19,13,TRUE,FALSE,FALSE,FALSE,TRUE,FALSE,1,0,gr60_b10w_b20w,73_79,0,70s_70s,70s_70s_1
78,72,7,8,7,2,0,6,6,7,7,2,8,72,78,6,6,18,12,TRUE,FALSE,FALSE,FALSE,TRUE,FALSE,1,0,gr60_b10w_b20w,72_78,0,70s_70s,70s_70s_1
73,72,7,3,7,2,0,1,1,7,7,2,3,72,73,6,6,13,12,TRUE,FALSE,FALSE,FALSE,TRUE,FALSE,1,0,gr60_b10w_b20w,72_73,0,70s_70s,70s_70s_1
75,74,7,5,7,4,0,1,1,7,7,4,5,74,75,6,6,15,14,TRUE,FALSE,FALSE,FALSE,TRUE,FALSE,1,0,gr60_b10w_b20w,74_75,0,70s_70s,70s_70s_1
78,75,7,8,7,5,0,3,3,7,7,5,8,75,78,6,6,18,15,TRUE,FALSE,FALSE,FALSE,TRUE,FALSE,1,0,gr60_b10w_b20w,75_78,0,70s_70s,70s_70s_1
72,89,7,2,8,9,1,7,17,7,8,2,9,72,89,6,8,12,9,FALSE,FALSE,TRUE,FALSE,TRUE,FALSE,0,1,gr60_b10c_b20i,72_89,0,70s_80s,70s_80s_0
73,89,7,3,8,9,1,6,16,7,8,3,9,73,89,6,8,13,9,FALSE,FALSE,TRUE,FALSE,TRUE,FALSE,0,1,gr60_b10c_b20i,73_89,0,70s_80s,70s_80s_0
74,89,7,4,8,9,1,5,15,7,8,4,9,74,89,6,8,14,9,FALSE,FALSE,TRUE,FALSE,TRUE,FALSE,0,1,gr60_b10c_b20i,74_89,0,70s_80s,70s_80s_0
72,86,7,2,8,6,1,4,14,7,8,2,6,72,86,6,8,12,6,FALSE,FALSE,TRUE,FALSE,TRUE,FALSE,0,1,gr60_b10c_b20i,72_86,0,70s_80s,70s_80s_0
75,89,7,5,8,9,1,4,14,7,8,5,9,75,89,6,8,15,9,FALSE,FALSE,TRUE,FALSE,TRUE,FALSE,0,1,gr60_b10c_b20i,75_89,0,70s_80s,70s_80s_0
72,84,7,2,8,4,1,2,12,7,8,2,4,72,84,6,8,12,4,FALSE,FALSE,TRUE,FALSE,TRUE,FALSE,0,1,gr60_b10c_b20i,72_84,0,70s_80s,70s_80s_0
73,85,7,3,8,5,1,2,12,7,8,3,5,73,85,6,8,13,5,FALSE,FALSE,TRUE,FALSE,TRUE,FALSE,0,1,gr60_b10c_b20i,73_85,0,70s_80s,70s_80s_0
74,86,7,4,8,6,1,2,12,7,8,4,6,74,86,6,8,14,6,FALSE,FALSE,TRUE,FALSE,TRUE,FALSE,0,1,gr60_b10c_b20i,74_86,0,70s_80s,70s_80s_0
79,82,7,9,8,2,1,7,3,7,8,2,9,79,82,6,8,19,2,FALSE,FALSE,FALSE,FALSE,TRUE,FALSE,0,1,gr60_b10i_b20i,72_89,14,70s_80s,70s_80s_0
79,83,7,9,8,3,1,6,4,7,8,3,9,79,83,6,8,19,3,FALSE,FALSE,FALSE,FALSE,TRUE,FALSE,0,1,gr60_b10i_b20i,73_89,12,70s_80s,70s_80s_0
79,84,7,9,8,4,1,5,5,7,8,4,9,79,84,6,8,19,4,FALSE,FALSE,FALSE,FALSE,TRUE,FALSE,0,1,gr60_b10i_b20i,74_89,10,70s_80s,70s_80s_0
76,82,7,6,8,2,1,4,6,7,8,2,6,76,82,6,8,16,2,FALSE,FALSE,FALSE,FALSE,TRUE,FALSE,0,1,gr60_b10i_b20i,72_86,8,70s_80s,70s_80s_0
79,85,7,9,8,5,1,4,6,7,8,5,9,79,85,6,8,19,5,FALSE,FALSE,FALSE,FALSE,TRUE,FALSE,0,1,gr60_b10i_b20i,75_89,8,70s_80s,70s_80s_0
74,82,7,4,8,2,1,2,8,7,8,2,4,74,82,6,8,14,2,FALSE,FALSE,FALSE,FALSE,TRUE,FALSE,0,1,gr60_b10i_b20i,72_84,4,70s_80s,70s_80s_0
75,83,7,5,8,3,1,2,8,7,8,3,5,75,83,6,8,15,3,FALSE,FALSE,FALSE,FALSE,TRUE,FALSE,0,1,gr60_b10i_b20i,73_85,4,70s_80s,70s_80s_0
76,84,7,6,8,4,1,2,8,7,8,4,6,76,84,6,8,16,4,FALSE,FALSE,FALSE,FALSE,TRUE,FALSE,0,1,gr60_b10i_b20i,74_86,4,70s_80s,70s_80s_0
89,72,8,9,7,2,1,7,17,7,8,2,9,72,89,8,6,9,12,FALSE,FALSE,TRUE,FALSE,TRUE,FALSE,1,0,gr60_b10c_b20i,72_89,0,70s_80s,70s_80s_1
89,73,8,9,7,3,1,6,16,7,8,3,9,73,89,8,6,9,13,FALSE,FALSE,TRUE,FALSE,TRUE,FALSE,1,0,gr60_b10c_b20i,73_89,0,70s_80s,70s_80s_1
89,74,8,9,7,4,1,5,15,7,8,4,9,74,89,8,6,9,14,FALSE,FALSE,TRUE,FALSE,TRUE,FALSE,1,0,gr60_b10c_b20i,74_89,0,70s_80s,70s_80s_1
86,72,8,6,7,2,1,4,14,7,8,2,6,72,86,8,6,6,12,FALSE,FALSE,TRUE,FALSE,TRUE,FALSE,1,0,gr60_b10c_b20i,72_86,0,70s_80s,70s_80s_1
85,72,8,5,7,2,1,3,13,7,8,2,5,72,85,8,6,5,12,FALSE,FALSE,TRUE,FALSE,TRUE,FALSE,1,0,gr60_b10c_b20i,72_85,0,70s_80s,70s_80s_1
86,74,8,6,7,4,1,2,12,7,8,4,6,74,86,8,6,6,14,FALSE,FALSE,TRUE,FALSE,TRUE,FALSE,1,0,gr60_b10c_b20i,74_86,0,70s_80s,70s_80s_1
89,76,8,9,7,6,1,3,13,7,8,6,9,76,89,8,6,9,16,FALSE,FALSE,TRUE,FALSE,TRUE,FALSE,1,0,gr60_b10c_b20i,76_89,0,70s_80s,70s_80s_1
84,72,8,4,7,2,1,2,12,7,8,2,4,72,84,8,6,4,12,FALSE,FALSE,TRUE,FALSE,TRUE,FALSE,1,0,gr60_b10c_b20i,72_84,0,70s_80s,70s_80s_1
82,79,8,2,7,9,1,7,3,7,8,2,9,79,82,8,6,2,19,FALSE,FALSE,FALSE,FALSE,TRUE,FALSE,1,0,gr60_b10i_b20i,72_89,14,70s_80s,70s_80s_1
83,79,8,3,7,9,1,6,4,7,8,3,9,79,83,8,6,3,19,FALSE,FALSE,FALSE,FALSE,TRUE,FALSE,1,0,gr60_b10i_b20i,73_89,12,70s_80s,70s_80s_1
84,79,8,4,7,9,1,5,5,7,8,4,9,79,84,8,6,4,19,FALSE,FALSE,FALSE,FALSE,TRUE,FALSE,1,0,gr60_b10i_b20i,74_89,10,70s_80s,70s_80s_1
82,76,8,2,7,6,1,4,6,7,8,2,6,76,82,8,6,2,16,FALSE,FALSE,FALSE,FALSE,TRUE,FALSE,1,0,gr60_b10i_b20i,72_86,8,70s_80s,70s_80s_1
82,75,8,2,7,5,1,3,7,7,8,2,5,75,82,8,6,2,15,FALSE,FALSE,FALSE,FALSE,TRUE,FALSE,1,0,gr60_b10i_b20i,72_85,6,70s_80s,70s_80s_1
84,76,8,4,7,6,1,2,8,7,8,4,6,76,84,8,6,4,16,FALSE,FALSE,FALSE,FALSE,TRUE,FALSE,1,0,gr60_b10i_b20i,74_86,4,70s_80s,70s_80s_1
86,79,8,6,7,9,1,3,7,7,8,6,9,79,86,8,6,6,19,FALSE,FALSE,FALSE,FALSE,TRUE,FALSE,1,0,gr60_b10i_b20i,76_89,6,70s_80s,70s_80s_1
82,74,8,2,7,4,1,2,8,7,8,2,4,74,82,8,6,2,14,FALSE,FALSE,FALSE,FALSE,TRUE,FALSE,1,0,gr60_b10i_b20i,72_84,4,70s_80s,70s_80s_1
72,98,7,2,9,8,2,6,26,7,9,2,8,72,98,6,8,12,18,FALSE,FALSE,TRUE,TRUE,TRUE,FALSE,0,1,gr60_b10c_b20c,72_98,0,70s_90s,70s_90s_0
73,98,7,3,9,8,2,5,25,7,9,3,8,73,98,6,8,13,18,FALSE,FALSE,TRUE,TRUE,TRUE,FALSE,0,1,gr60_b10c_b20c,73_98,0,70s_90s,70s_90s_0
72,95,7,2,9,5,2,3,23,7,9,2,5,72,95,6,8,12,15,FALSE,FALSE,TRUE,TRUE,TRUE,FALSE,0,1,gr60_b10c_b20c,72_95,0,70s_90s,70s_90s_0
76,98,7,6,9,8,2,2,22,7,9,6,8,76,98,6,8,16,18,FALSE,FALSE,TRUE,TRUE,TRUE,FALSE,0,1,gr60_b10c_b20c,76_98,0,70s_90s,70s_90s_0
78,92,7,8,9,2,2,6,14,7,9,2,8,78,92,6,8,18,12,FALSE,FALSE,FALSE,FALSE,TRUE,FALSE,0,1,gr60_b10i_b20i,72_98,12,70s_90s,70s_90s_0
78,93,7,8,9,3,2,5,15,7,9,3,8,78,93,6,8,18,13,FALSE,FALSE,FALSE,FALSE,TRUE,FALSE,0,1,gr60_b10i_b20i,73_98,10,70s_90s,70s_90s_0
75,92,7,5,9,2,2,3,17,7,9,2,5,75,92,6,8,15,12,FALSE,FALSE,FALSE,FALSE,TRUE,FALSE,0,1,gr60_b10i_b20i,72_95,6,70s_90s,70s_90s_0
78,96,7,8,9,6,2,2,18,7,9,6,8,78,96,6,8,18,16,FALSE,FALSE,FALSE,FALSE,TRUE,FALSE,0,1,gr60_b10i_b20i,76_98,4,70s_90s,70s_90s_0
98,72,9,8,7,2,2,6,26,7,9,2,8,72,98,8,6,18,12,FALSE,FALSE,TRUE,TRUE,TRUE,FALSE,1,0,gr60_b10c_b20c,72_98,0,70s_90s,70s_90s_1
98,73,9,8,7,3,2,5,25,7,9,3,8,73,98,8,6,18,13,FALSE,FALSE,TRUE,TRUE,TRUE,FALSE,1,0,gr60_b10c_b20c,73_98,0,70s_90s,70s_90s_1
96,73,9,6,7,3,2,3,23,7,9,3,6,73,96,8,6,16,13,FALSE,FALSE,TRUE,TRUE,TRUE,FALSE,1,0,gr60_b10c_b20c,73_96,0,70s_90s,70s_90s_1
98,76,9,8,7,6,2,2,22,7,9,6,8,76,98,8,6,18,16,FALSE,FALSE,TRUE,TRUE,TRUE,FALSE,1,0,gr60_b10c_b20c,76_98,0,70s_90s,70s_90s_1
92,78,9,2,7,8,2,6,14,7,9,2,8,78,92,8,6,12,18,FALSE,FALSE,FALSE,FALSE,TRUE,FALSE,1,0,gr60_b10i_b20i,72_98,12,70s_90s,70s_90s_1
93,78,9,3,7,8,2,5,15,7,9,3,8,78,93,8,6,13,18,FALSE,FALSE,FALSE,FALSE,TRUE,FALSE,1,0,gr60_b10i_b20i,73_98,10,70s_90s,70s_90s_1
93,76,9,3,7,6,2,3,17,7,9,3,6,76,93,8,6,13,16,FALSE,FALSE,FALSE,FALSE,TRUE,FALSE,1,0,gr60_b10i_b20i,73_96,6,70s_90s,70s_90s_1
96,78,9,6,7,8,2,2,18,7,9,6,8,78,96,8,6,16,18,FALSE,FALSE,FALSE,FALSE,TRUE,FALSE,1,0,gr60_b10i_b20i,76_98,4,70s_90s,70s_90s_1
82,89,8,2,8,9,0,7,7,8,8,2,9,82,89,8,8,2,9,TRUE,FALSE,FALSE,FALSE,TRUE,FALSE,0,1,gr60_b10w_b20w,82_89,0,80s_80s,80s_80s_0
83,89,8,3,8,9,0,6,6,8,8,3,9,83,89,8,8,3,9,TRUE,FALSE,FALSE,FALSE,TRUE,FALSE,0,1,gr60_b10w_b20w,83_89,0,80s_80s,80s_80s_0
84,89,8,4,8,9,0,5,5,8,8,4,9,84,89,8,8,4,9,TRUE,FALSE,FALSE,FALSE,TRUE,FALSE,0,1,gr60_b10w_b20w,84_89,0,80s_80s,80s_80s_0
83,86,8,3,8,6,0,3,3,8,8,3,6,83,86,8,8,3,6,TRUE,FALSE,FALSE,FALSE,TRUE,FALSE,0,1,gr60_b10w_b20w,83_86,0,80s_80s,80s_80s_0
84,85,8,4,8,5,0,1,1,8,8,4,5,84,85,8,8,4,5,TRUE,FALSE,FALSE,FALSE,TRUE,FALSE,0,1,gr60_b10w_b20w,84_85,0,80s_80s,80s_80s_0
83,85,8,3,8,5,0,2,2,8,8,3,5,83,85,8,8,3,5,TRUE,FALSE,FALSE,FALSE,TRUE,FALSE,0,1,gr60_b10w_b20w,83_85,0,80s_80s,80s_80s_0
89,82,8,9,8,2,0,7,7,8,8,2,9,82,89,8,8,9,2,TRUE,FALSE,FALSE,FALSE,TRUE,FALSE,1,0,gr60_b10w_b20w,82_89,0,80s_80s,80s_80s_1
89,83,8,9,8,3,0,6,6,8,8,3,9,83,89,8,8,9,3,TRUE,FALSE,FALSE,FALSE,TRUE,FALSE,1,0,gr60_b10w_b20w,83_89,0,80s_80s,80s_80s_1
87,82,8,7,8,2,0,5,5,8,8,2,7,82,87,8,8,7,2,TRUE,FALSE,FALSE,FALSE,TRUE,FALSE,1,0,gr60_b10w_b20w,82_87,0,80s_80s,80s_80s_1
84,82,8,4,8,2,0,2,2,8,8,2,4,82,84,8,8,4,2,TRUE,FALSE,FALSE,FALSE,TRUE,FALSE,1,0,gr60_b10w_b20w,82_84,0,80s_80s,80s_80s_1
89,86,8,9,8,6,0,3,3,8,8,6,9,86,89,8,8,9,6,TRUE,FALSE,FALSE,FALSE,TRUE,FALSE,1,0,gr60_b10w_b20w,86_89,0,80s_80s,80s_80s_1
86,85,8,6,8,5,0,1,1,8,8,5,6,85,86,8,8,6,5,TRUE,FALSE,FALSE,FALSE,TRUE,FALSE,1,0,gr60_b10w_b20w,85_86,0,80s_80s,80s_80s_1
82,97,8,2,9,7,1,5,15,8,9,2,7,82,97,8,8,2,17,FALSE,TRUE,TRUE,FALSE,TRUE,FALSE,0,1,gr60_b10c_b20w,82_97,0,80s_90s,80s_90s_0
83,97,8,3,9,7,1,4,14,8,9,3,7,83,97,8,8,3,17,FALSE,TRUE,TRUE,FALSE,TRUE,FALSE,0,1,gr60_b10c_b20w,83_97,0,80s_90s,80s_90s_0
82,96,8,2,9,6,1,4,14,8,9,2,6,82,96,8,8,2,16,FALSE,TRUE,TRUE,FALSE,TRUE,FALSE,0,1,gr60_b10c_b20w,82_96,0,80s_90s,80s_90s_0
82,95,8,2,9,5,1,3,13,8,9,2,5,82,95,8,8,2,15,FALSE,TRUE,TRUE,FALSE,TRUE,FALSE,0,1,gr60_b10c_b20w,82_95,0,80s_90s,80s_90s_0
87,92,8,7,9,2,1,5,5,8,9,2,7,87,92,8,8,7,12,FALSE,TRUE,FALSE,FALSE,TRUE,FALSE,0,1,gr60_b10i_b20w,82_97,10,80s_90s,80s_90s_0
87,93,8,7,9,3,1,4,6,8,9,3,7,87,93,8,8,7,13,FALSE,TRUE,FALSE,FALSE,TRUE,FALSE,0,1,gr60_b10i_b20w,83_97,8,80s_90s,80s_90s_0
86,92,8,6,9,2,1,4,6,8,9,2,6,86,92,8,8,6,12,FALSE,TRUE,FALSE,FALSE,TRUE,FALSE,0,1,gr60_b10i_b20w,82_96,8,80s_90s,80s_90s_0
85,92,8,5,9,2,1,3,7,8,9,2,5,85,92,8,8,5,12,FALSE,TRUE,FALSE,FALSE,TRUE,FALSE,0,1,gr60_b10i_b20w,82_95,6,80s_90s,80s_90s_0
97,82,9,7,8,2,1,5,15,8,9,2,7,82,97,8,8,17,2,FALSE,TRUE,TRUE,FALSE,TRUE,FALSE,1,0,gr60_b10c_b20w,82_97,0,80s_90s,80s_90s_1
97,83,9,7,8,3,1,4,14,8,9,3,7,83,97,8,8,17,3,FALSE,TRUE,TRUE,FALSE,TRUE,FALSE,1,0,gr60_b10c_b20w,83_97,0,80s_90s,80s_90s_1
97,83,9,7,8,3,1,4,14,8,9,3,7,83,97,8,8,17,3,FALSE,TRUE,TRUE,FALSE,TRUE,FALSE,1,0,gr60_b10c_b20w,83_97,0,80s_90s,80s_90s_1
97,84,9,7,8,4,1,3,13,8,9,4,7,84,97,8,8,17,4,FALSE,TRUE,TRUE,FALSE,TRUE,FALSE,1,0,gr60_b10c_b20w,84_97,0,80s_90s,80s_90s_1
92,87,9,2,8,7,1,5,5,8,9,2,7,87,92,8,8,12,7,FALSE,TRUE,FALSE,FALSE,TRUE,FALSE,1,0,gr60_b10i_b20w,82_97,10,80s_90s,80s_90s_1
93,87,9,3,8,7,1,4,6,8,9,3,7,87,93,8,8,13,7,FALSE,TRUE,FALSE,FALSE,TRUE,FALSE,1,0,gr60_b10i_b20w,83_97,8,80s_90s,80s_90s_1
93,87,9,3,8,7,1,4,6,8,9,3,7,87,93,8,8,13,7,FALSE,TRUE,FALSE,FALSE,TRUE,FALSE,1,0,gr60_b10i_b20w,83_97,8,80s_90s,80s_90s_1
94,87,9,4,8,7,1,3,7,8,9,4,7,87,94,8,8,14,7,FALSE,TRUE,FALSE,FALSE,TRUE,FALSE,1,0,gr60_b10i_b20w,84_97,6,80s_90s,80s_90s_1
92,98,9,2,9,8,0,6,6,9,9,2,8,92,98,8,8,12,18,TRUE,FALSE,FALSE,FALSE,TRUE,FALSE,0,1,gr60_b10w_b20w,92_98,0,90s_90s,90s_90s_0
93,98,9,3,9,8,0,5,5,9,9,3,8,93,98,8,8,13,18,TRUE,FALSE,FALSE,FALSE,TRUE,FALSE,0,1,gr60_b10w_b20w,93_98,0,90s_90s,90s_90s_0
92,97,9,2,9,7,0,5,5,9,9,2,7,92,97,8,8,12,17,TRUE,FALSE,FALSE,FALSE,TRUE,FALSE,0,1,gr60_b10w_b20w,92_97,0,90s_90s,90s_90s_0
95,96,9,5,9,6,0,1,1,9,9,5,6,95,96,8,8,15,16,TRUE,FALSE,FALSE,FALSE,TRUE,FALSE,0,1,gr60_b10w_b20w,95_96,0,90s_90s,90s_90s_0
92,96,9,2,9,6,0,4,4,9,9,2,6,92,96,8,8,12,16,TRUE,FALSE,FALSE,FALSE,TRUE,FALSE,0,1,gr60_b10w_b20w,92_96,0,90s_90s,90s_90s_0
92,95,9,2,9,5,0,3,3,9,9,2,5,92,95,8,8,12,15,TRUE,FALSE,FALSE,FALSE,TRUE,FALSE,0,1,gr60_b10w_b20w,92_95,0,90s_90s,90s_90s_0
98,92,9,8,9,2,0,6,6,9,9,2,8,92,98,8,8,18,12,TRUE,FALSE,FALSE,FALSE,TRUE,FALSE,1,0,gr60_b10w_b20w,92_98,0,90s_90s,90s_90s_1
97,92,9,7,9,2,0,5,5,9,9,2,7,92,97,8,8,17,12,TRUE,FALSE,FALSE,FALSE,TRUE,FALSE,1,0,gr60_b10w_b20w,92_97,0,90s_90s,90s_90s_1
98,93,9,8,9,3,0,5,5,9,9,3,8,93,98,8,8,18,13,TRUE,FALSE,FALSE,FALSE,TRUE,FALSE,1,0,gr60_b10w_b20w,93_98,0,90s_90s,90s_90s_1
94,92,9,4,9,2,0,2,2,9,9,2,4,92,94,8,8,14,12,TRUE,FALSE,FALSE,FALSE,TRUE,FALSE,1,0,gr60_b10w_b20w,92_94,0,90s_90s,90s_90s_1
97,95,9,7,9,5,0,2,2,9,9,5,7,95,97,8,8,17,15,TRUE,FALSE,FALSE,FALSE,TRUE,FALSE,1,0,gr60_b10w_b20w,95_97,0,90s_90s,90s_90s_1
96,92,9,6,9,2,0,4,4,9,9,2,6,92,96,8,8,16,12,TRUE,FALSE,FALSE,FALSE,TRUE,FALSE,1,0,gr60_b10w_b20w,92_96,0,90s_90s,90s_90s_1
